model_a,model_b,suite,n_tasks,mean_diff,ci_low,ci_high,p_value
BAAI__bge-large-en-v1.5,BAAI__bge-base-en-v1.5,full,12,0.0017,-0.0064,0.0098,0.6922
BAAI__bge-base-en-v1.5,BAAI__bge-small-en-v1.5,full,12,0.0164,0.0046,0.0274,0.0082
BAAI__bge-base-en-v1.5,FremyCompany__BioLORD-2023,full,12,0.0152,-0.0038,0.031,0.1038
BAAI__bge-base-en-v1.5,NeuML__pubmedbert-base-embeddings,full,12,0.0368,0.004,0.0751,0.024
Qwen__Qwen3-Embedding-0.6B,BAAI__bge-base-en-v1.5,full,12,0.0272,-0.033,0.0733,0.3244
Qwen__Qwen3-Embedding-4B,BAAI__bge-base-en-v1.5,full,12,0.0567,0.0017,0.1116,0.0432
BAAI__bge-base-en-v1.5,Snowflake__snowflake-arctic-embed-l-v2.0,full,12,0.0103,-0.0258,0.0405,0.5228
abhinand__MedEmbed-base-v0.1,BAAI__bge-base-en-v1.5,full,12,0.0039,-0.008,0.022,0.706
abhinand__MedEmbed-large-v0.1,BAAI__bge-base-en-v1.5,full,12,0.0015,-0.0083,0.0136,0.8288
BAAI__bge-base-en-v1.5,abhinand__MedEmbed-small-v0.1,full,12,0.001,-0.013,0.0142,0.8676
BAAI__bge-base-en-v1.5,deepseek__deepseek-v4-flash,full,12,0.023,-0.0443,0.0936,0.5082
BAAI__bge-base-en-v1.5,google__gemini-3.1-flash-lite-preview,full,12,0.0505,-0.0446,0.1511,0.3166
BAAI__bge-base-en-v1.5,intfloat__multilingual-e5-small,full,12,0.0381,0.0213,0.0533,0.0
BAAI__bge-base-en-v1.5,ncbi__MedCPT,full,12,0.0729,0.0233,0.1317,0.0006
BAAI__bge-base-en-v1.5,sentence-transformers__all-MiniLM-L6-v2,full,12,0.0091,-0.0091,0.0279,0.3552
BAAI__bge-large-en-v1.5,BAAI__bge-small-en-v1.5,full,12,0.0182,0.0058,0.0307,0.0028
BAAI__bge-large-en-v1.5,FremyCompany__BioLORD-2023,full,12,0.017,-0.0008,0.0334,0.06
BAAI__bge-large-en-v1.5,NeuML__pubmedbert-base-embeddings,full,12,0.0385,0.0044,0.0787,0.0238
Qwen__Qwen3-Embedding-0.6B,BAAI__bge-large-en-v1.5,full,12,0.0254,-0.0311,0.0678,0.3312
Qwen__Qwen3-Embedding-4B,BAAI__bge-large-en-v1.5,full,12,0.055,0.0043,0.1054,0.0312
BAAI__bge-large-en-v1.5,Snowflake__snowflake-arctic-embed-l-v2.0,full,12,0.012,-0.023,0.0447,0.4772
abhinand__MedEmbed-base-v0.1,BAAI__bge-large-en-v1.5,full,12,0.0022,-0.0114,0.0181,0.8258
BAAI__bge-large-en-v1.5,abhinand__MedEmbed-large-v0.1,full,12,0.0002,-0.0088,0.0086,0.9382
BAAI__bge-large-en-v1.5,abhinand__MedEmbed-small-v0.1,full,12,0.0027,-0.01,0.0161,0.6978
BAAI__bge-large-en-v1.5,deepseek__deepseek-v4-flash,full,12,0.0247,-0.0446,0.0981,0.497
BAAI__bge-large-en-v1.5,google__gemini-3.1-flash-lite-preview,full,12,0.0522,-0.046,0.1569,0.3198
BAAI__bge-large-en-v1.5,intfloat__multilingual-e5-small,full,12,0.0398,0.0239,0.0556,0.0
BAAI__bge-large-en-v1.5,ncbi__MedCPT,full,12,0.0746,0.0212,0.1371,0.0014
BAAI__bge-large-en-v1.5,sentence-transformers__all-MiniLM-L6-v2,full,12,0.0109,-0.0083,0.0302,0.286
FremyCompany__BioLORD-2023,BAAI__bge-small-en-v1.5,full,12,0.0012,-0.0147,0.0182,0.8906
BAAI__bge-small-en-v1.5,NeuML__pubmedbert-base-embeddings,full,12,0.0204,-0.0139,0.0592,0.2746
Qwen__Qwen3-Embedding-0.6B,BAAI__bge-small-en-v1.5,full,12,0.0436,-0.0114,0.085,0.1118
Qwen__Qwen3-Embedding-4B,BAAI__bge-small-en-v1.5,full,12,0.0731,0.0237,0.1232,0.0036
Snowflake__snowflake-arctic-embed-l-v2.0,BAAI__bge-small-en-v1.5,full,12,0.0062,-0.0269,0.046,0.7908
abhinand__MedEmbed-base-v0.1,BAAI__bge-small-en-v1.5,full,12,0.0203,0.0002,0.0446,0.0474
abhinand__MedEmbed-large-v0.1,BAAI__bge-small-en-v1.5,full,12,0.018,0.0017,0.0359,0.0266
abhinand__MedEmbed-small-v0.1,BAAI__bge-small-en-v1.5,full,12,0.0154,-0.0006,0.0329,0.0588
BAAI__bge-small-en-v1.5,deepseek__deepseek-v4-flash,full,12,0.0065,-0.0624,0.0808,0.8654
BAAI__bge-small-en-v1.5,google__gemini-3.1-flash-lite-preview,full,12,0.0341,-0.0631,0.1375,0.5166
BAAI__bge-small-en-v1.5,intfloat__multilingual-e5-small,full,12,0.0217,0.0028,0.0395,0.0264
BAAI__bge-small-en-v1.5,ncbi__MedCPT,full,12,0.0565,0.0042,0.1159,0.0332
sentence-transformers__all-MiniLM-L6-v2,BAAI__bge-small-en-v1.5,full,12,0.0073,-0.0112,0.0254,0.4346
FremyCompany__BioLORD-2023,NeuML__pubmedbert-base-embeddings,full,12,0.0216,-0.0124,0.0607,0.2404
Qwen__Qwen3-Embedding-0.6B,FremyCompany__BioLORD-2023,full,12,0.0424,-0.0205,0.0923,0.1696
Qwen__Qwen3-Embedding-4B,FremyCompany__BioLORD-2023,full,12,0.0719,0.0145,0.13,0.013
Snowflake__snowflake-arctic-embed-l-v2.0,FremyCompany__BioLORD-2023,full,12,0.005,-0.0296,0.04,0.793
abhinand__MedEmbed-base-v0.1,FremyCompany__BioLORD-2023,full,12,0.0191,-0.0049,0.0404,0.1256
abhinand__MedEmbed-large-v0.1,FremyCompany__BioLORD-2023,full,12,0.0168,-0.0023,0.035,0.0868
abhinand__MedEmbed-small-v0.1,FremyCompany__BioLORD-2023,full,12,0.0142,-0.0093,0.0339,0.2206
FremyCompany__BioLORD-2023,deepseek__deepseek-v4-flash,full,12,0.0077,-0.0634,0.0831,0.8322
FremyCompany__BioLORD-2023,google__gemini-3.1-flash-lite-preview,full,12,0.0353,-0.0649,0.14,0.501
FremyCompany__BioLORD-2023,intfloat__multilingual-e5-small,full,12,0.0229,0.0084,0.038,0.0016
FremyCompany__BioLORD-2023,ncbi__MedCPT,full,12,0.0577,0.0033,0.1214,0.035
sentence-transformers__all-MiniLM-L6-v2,FremyCompany__BioLORD-2023,full,12,0.0061,-0.0189,0.0306,0.6214
Qwen__Qwen3-Embedding-0.6B,NeuML__pubmedbert-base-embeddings,full,12,0.064,-0.01,0.1279,0.0896
Qwen__Qwen3-Embedding-4B,NeuML__pubmedbert-base-embeddings,full,12,0.0935,0.0207,0.1673,0.0114
Snowflake__snowflake-arctic-embed-l-v2.0,NeuML__pubmedbert-base-embeddings,full,12,0.0265,-0.0184,0.0772,0.266
abhinand__MedEmbed-base-v0.1,NeuML__pubmedbert-base-embeddings,full,12,0.0407,0.0024,0.0846,0.0362
abhinand__MedEmbed-large-v0.1,NeuML__pubmedbert-base-embeddings,full,12,0.0383,0.005,0.0762,0.0194
abhinand__MedEmbed-small-v0.1,NeuML__pubmedbert-base-embeddings,full,12,0.0358,-0.0024,0.0752,0.0676
deepseek__deepseek-v4-flash,NeuML__pubmedbert-base-embeddings,full,12,0.0138,-0.077,0.0993,0.773
NeuML__pubmedbert-base-embeddings,google__gemini-3.1-flash-lite-preview,full,12,0.0137,-0.0978,0.1289,0.8132
NeuML__pubmedbert-base-embeddings,intfloat__multilingual-e5-small,full,12,0.0013,-0.0396,0.036,0.903
NeuML__pubmedbert-base-embeddings,ncbi__MedCPT,full,12,0.0361,0.0059,0.0695,0.02
sentence-transformers__all-MiniLM-L6-v2,NeuML__pubmedbert-base-embeddings,full,12,0.0277,0.0001,0.0571,0.048
Qwen__Qwen3-Embedding-4B,Qwen__Qwen3-Embedding-0.6B,full,12,0.0296,0.0072,0.0537,0.0076
Qwen__Qwen3-Embedding-0.6B,Snowflake__snowflake-arctic-embed-l-v2.0,full,12,0.0374,-0.037,0.1015,0.3098
Qwen__Qwen3-Embedding-0.6B,abhinand__MedEmbed-base-v0.1,full,12,0.0233,-0.0401,0.0732,0.4178
Qwen__Qwen3-Embedding-0.6B,abhinand__MedEmbed-large-v0.1,full,12,0.0256,-0.0329,0.0719,0.3454
Qwen__Qwen3-Embedding-0.6B,abhinand__MedEmbed-small-v0.1,full,12,0.0281,-0.0295,0.0735,0.3006
Qwen__Qwen3-Embedding-0.6B,deepseek__deepseek-v4-flash,full,12,0.0501,-0.0552,0.1466,0.3212
Qwen__Qwen3-Embedding-0.6B,google__gemini-3.1-flash-lite-preview,full,12,0.0777,-0.0478,0.2037,0.2296
Qwen__Qwen3-Embedding-0.6B,intfloat__multilingual-e5-small,full,12,0.0653,0.008,0.1131,0.028
Qwen__Qwen3-Embedding-0.6B,ncbi__MedCPT,full,12,0.1001,0.0082,0.18,0.0324
Qwen__Qwen3-Embedding-0.6B,sentence-transformers__all-MiniLM-L6-v2,full,12,0.0363,-0.0292,0.0874,0.248
Qwen__Qwen3-Embedding-4B,Snowflake__snowflake-arctic-embed-l-v2.0,full,12,0.067,-0.0005,0.1336,0.0514
Qwen__Qwen3-Embedding-4B,abhinand__MedEmbed-base-v0.1,full,12,0.0528,-0.0042,0.1071,0.0654
Qwen__Qwen3-Embedding-4B,abhinand__MedEmbed-large-v0.1,full,12,0.0552,0.002,0.1089,0.0402
Qwen__Qwen3-Embedding-4B,abhinand__MedEmbed-small-v0.1,full,12,0.0577,0.0071,0.1094,0.026
Qwen__Qwen3-Embedding-4B,deepseek__deepseek-v4-flash,full,12,0.0797,-0.0163,0.1707,0.1052
Qwen__Qwen3-Embedding-4B,google__gemini-3.1-flash-lite-preview,full,12,0.1072,-0.013,0.2305,0.0822
Qwen__Qwen3-Embedding-4B,intfloat__multilingual-e5-small,full,12,0.0948,0.043,0.15,0.0
Qwen__Qwen3-Embedding-4B,ncbi__MedCPT,full,12,0.1296,0.0395,0.2157,0.005
Qwen__Qwen3-Embedding-4B,sentence-transformers__all-MiniLM-L6-v2,full,12,0.0658,0.0049,0.1269,0.0314
abhinand__MedEmbed-base-v0.1,Snowflake__snowflake-arctic-embed-l-v2.0,full,12,0.0141,-0.0091,0.0376,0.2332
abhinand__MedEmbed-large-v0.1,Snowflake__snowflake-arctic-embed-l-v2.0,full,12,0.0118,-0.0171,0.0392,0.4258
abhinand__MedEmbed-small-v0.1,Snowflake__snowflake-arctic-embed-l-v2.0,full,12,0.0093,-0.0186,0.035,0.4918
Snowflake__snowflake-arctic-embed-l-v2.0,deepseek__deepseek-v4-flash,full,12,0.0127,-0.0531,0.0801,0.7088
Snowflake__snowflake-arctic-embed-l-v2.0,google__gemini-3.1-flash-lite-preview,full,12,0.0402,-0.0629,0.1457,0.456
Snowflake__snowflake-arctic-embed-l-v2.0,intfloat__multilingual-e5-small,full,12,0.0279,-0.0027,0.0606,0.0754
Snowflake__snowflake-arctic-embed-l-v2.0,ncbi__MedCPT,full,12,0.0626,0.004,0.1383,0.0312
sentence-transformers__all-MiniLM-L6-v2,Snowflake__snowflake-arctic-embed-l-v2.0,full,12,0.0011,-0.0347,0.0309,0.886
abhinand__MedEmbed-base-v0.1,abhinand__MedEmbed-large-v0.1,full,12,0.0023,-0.0082,0.0131,0.6886
abhinand__MedEmbed-base-v0.1,abhinand__MedEmbed-small-v0.1,full,12,0.0049,-0.0082,0.0181,0.4742
abhinand__MedEmbed-base-v0.1,deepseek__deepseek-v4-flash,full,12,0.0268,-0.0382,0.0959,0.4266
abhinand__MedEmbed-base-v0.1,google__gemini-3.1-flash-lite-preview,full,12,0.0544,-0.0436,0.1583,0.2964
abhinand__MedEmbed-base-v0.1,intfloat__multilingual-e5-small,full,12,0.042,0.0251,0.0578,0.0
abhinand__MedEmbed-base-v0.1,ncbi__MedCPT,full,12,0.0768,0.0223,0.1456,0.0002
abhinand__MedEmbed-base-v0.1,sentence-transformers__all-MiniLM-L6-v2,full,12,0.013,-0.0095,0.0366,0.2822
abhinand__MedEmbed-large-v0.1,abhinand__MedEmbed-small-v0.1,full,12,0.0025,-0.0071,0.012,0.5916
abhinand__MedEmbed-large-v0.1,deepseek__deepseek-v4-flash,full,12,0.0245,-0.0472,0.1003,0.5116
abhinand__MedEmbed-large-v0.1,google__gemini-3.1-flash-lite-preview,full,12,0.052,-0.0492,0.1596,0.3316
abhinand__MedEmbed-large-v0.1,intfloat__multilingual-e5-small,full,12,0.0396,0.0263,0.0533,0.0
abhinand__MedEmbed-large-v0.1,ncbi__MedCPT,full,12,0.0744,0.0212,0.1378,0.0008
abhinand__MedEmbed-large-v0.1,sentence-transformers__all-MiniLM-L6-v2,full,12,0.0107,-0.0092,0.0298,0.296
abhinand__MedEmbed-small-v0.1,deepseek__deepseek-v4-flash,full,12,0.022,-0.0485,0.0977,0.5546
abhinand__MedEmbed-small-v0.1,google__gemini-3.1-flash-lite-preview,full,12,0.0495,-0.053,0.1586,0.37
abhinand__MedEmbed-small-v0.1,intfloat__multilingual-e5-small,full,12,0.0371,0.0214,0.0522,0.0
abhinand__MedEmbed-small-v0.1,ncbi__MedCPT,full,12,0.0719,0.0177,0.1345,0.0042
abhinand__MedEmbed-small-v0.1,sentence-transformers__all-MiniLM-L6-v2,full,12,0.0082,-0.0111,0.0271,0.4222
deepseek__deepseek-v4-flash,google__gemini-3.1-flash-lite-preview,full,12,0.0275,-0.0235,0.0831,0.3148
deepseek__deepseek-v4-flash,intfloat__multilingual-e5-small,full,12,0.0152,-0.0626,0.0915,0.7126
deepseek__deepseek-v4-flash,ncbi__MedCPT,full,12,0.0499,-0.0391,0.139,0.2788
sentence-transformers__all-MiniLM-L6-v2,deepseek__deepseek-v4-flash,full,12,0.0138,-0.0586,0.0922,0.7296
intfloat__multilingual-e5-small,google__gemini-3.1-flash-lite-preview,full,12,0.0124,-0.0927,0.1217,0.8264
google__gemini-3.1-flash-lite-preview,ncbi__MedCPT,full,12,0.0224,-0.0903,0.1279,0.6944
sentence-transformers__all-MiniLM-L6-v2,google__gemini-3.1-flash-lite-preview,full,12,0.0414,-0.0628,0.153,0.457
intfloat__multilingual-e5-small,ncbi__MedCPT,full,12,0.0348,-0.0208,0.1025,0.2724
sentence-transformers__all-MiniLM-L6-v2,intfloat__multilingual-e5-small,full,12,0.029,0.0054,0.0537,0.0152
sentence-transformers__all-MiniLM-L6-v2,ncbi__MedCPT,full,12,0.0638,0.0185,0.1162,0.001
Alibaba-NLP__gte-Qwen2-7B-instruct,Alibaba-NLP__gte-Qwen2-1.5B-instruct,lifted,7,0.0238,0.0139,0.0344,0.0
Alibaba-NLP__gte-Qwen2-1.5B-instruct,BAAI__bge-base-en-v1.5,lifted,7,0.0641,0.0041,0.1225,0.0328
Alibaba-NLP__gte-Qwen2-1.5B-instruct,BAAI__bge-large-en-v1.5,lifted,7,0.0611,0.0082,0.1145,0.0224
Alibaba-NLP__gte-Qwen2-1.5B-instruct,BAAI__bge-m3,lifted,7,0.0769,0.0233,0.1339,0.0034
Alibaba-NLP__gte-Qwen2-1.5B-instruct,BAAI__bge-small-en-v1.5,lifted,7,0.0798,0.0215,0.1366,0.004
Alibaba-NLP__gte-Qwen2-1.5B-instruct,FremyCompany__BioLORD-2023,lifted,7,0.0821,0.0146,0.1466,0.0154
Alibaba-NLP__gte-Qwen2-1.5B-instruct,GritLM__GritLM-7B,lifted,7,0.2244,0.118,0.3614,0.0
Alibaba-NLP__gte-Qwen2-1.5B-instruct,Linq-AI-Research__Linq-Embed-Mistral,lifted,7,0.0095,-0.0259,0.0593,0.7406
Alibaba-NLP__gte-Qwen2-1.5B-instruct,NeuML__pubmedbert-base-embeddings,lifted,7,0.1253,0.0561,0.194,0.0
Alibaba-NLP__gte-Qwen2-1.5B-instruct,Qwen__Qwen3-Embedding-0.6B,lifted,7,0.0056,-0.0238,0.0363,0.7178
Qwen__Qwen3-Embedding-4B,Alibaba-NLP__gte-Qwen2-1.5B-instruct,lifted,7,0.0339,0.0124,0.056,0.0004
Qwen__Qwen3-Embedding-8B,Alibaba-NLP__gte-Qwen2-1.5B-instruct,lifted,7,0.0374,0.0202,0.0555,0.0
Salesforce__SFR-Embedding-2_R,Alibaba-NLP__gte-Qwen2-1.5B-instruct,lifted,7,0.0321,0.0042,0.0578,0.0356
Alibaba-NLP__gte-Qwen2-1.5B-instruct,Snowflake__snowflake-arctic-embed-l-v2.0,lifted,7,0.0759,0.0144,0.1421,0.0148
Alibaba-NLP__gte-Qwen2-1.5B-instruct,abhinand__MedEmbed-base-v0.1,lifted,7,0.0568,0.0097,0.1076,0.0206
Alibaba-NLP__gte-Qwen2-1.5B-instruct,abhinand__MedEmbed-large-v0.1,lifted,7,0.0584,0.0042,0.1156,0.0314
Alibaba-NLP__gte-Qwen2-1.5B-instruct,abhinand__MedEmbed-small-v0.1,lifted,7,0.0528,0.0021,0.108,0.0416
bflhc__Octen-Embedding-8B,Alibaba-NLP__gte-Qwen2-1.5B-instruct,lifted,7,0.0369,0.0166,0.0571,0.0002
codefuse-ai__F2LLM-v2-0.6B,Alibaba-NLP__gte-Qwen2-1.5B-instruct,lifted,7,0.0057,-0.0846,0.0622,0.7234
codefuse-ai__F2LLM-v2-1.7B,Alibaba-NLP__gte-Qwen2-1.5B-instruct,lifted,7,0.0253,-0.0705,0.0928,0.4922
codefuse-ai__F2LLM-v2-14B,Alibaba-NLP__gte-Qwen2-1.5B-instruct,lifted,7,0.0191,-0.0814,0.0868,0.5668
codefuse-ai__F2LLM-v2-4B,Alibaba-NLP__gte-Qwen2-1.5B-instruct,lifted,7,0.0165,-0.0763,0.0778,0.56
codefuse-ai__F2LLM-v2-8B,Alibaba-NLP__gte-Qwen2-1.5B-instruct,lifted,7,0.0188,-0.0797,0.0874,0.5756
Alibaba-NLP__gte-Qwen2-1.5B-instruct,deepseek-r1,lifted,7,0.1168,0.0325,0.2027,0.0044
Alibaba-NLP__gte-Qwen2-1.5B-instruct,deepseek__deepseek-v4-flash,lifted,7,0.1251,0.0439,0.2165,0.0008
Alibaba-NLP__gte-Qwen2-1.5B-instruct,glm-4.7,lifted,7,0.0838,0.0093,0.1677,0.0262
google__embeddinggemma-300m,Alibaba-NLP__gte-Qwen2-1.5B-instruct,lifted,7,0.0086,-0.0037,0.0202,0.168
Alibaba-NLP__gte-Qwen2-1.5B-instruct,google__gemini-3-flash-preview,lifted,7,0.0207,-0.0422,0.1128,0.6976
Alibaba-NLP__gte-Qwen2-1.5B-instruct,google__gemini-3.1-flash-lite-preview,lifted,7,0.176,0.0264,0.3237,0.0258
google__gemini-3.1-pro-preview,Alibaba-NLP__gte-Qwen2-1.5B-instruct,lifted,7,0.0505,0.0169,0.0874,0.0008
Alibaba-NLP__gte-Qwen2-1.5B-instruct,intfloat__e5-mistral-7b-instruct,lifted,7,0.1723,0.1142,0.2327,0.0
Alibaba-NLP__gte-Qwen2-1.5B-instruct,intfloat__multilingual-e5-base,lifted,7,0.0945,0.0269,0.1692,0.0056
Alibaba-NLP__gte-Qwen2-1.5B-instruct,intfloat__multilingual-e5-large,lifted,7,0.0775,0.0178,0.1507,0.0078
Alibaba-NLP__gte-Qwen2-1.5B-instruct,intfloat__multilingual-e5-large-instruct,lifted,7,0.0298,-0.0191,0.0936,0.3184
Alibaba-NLP__gte-Qwen2-1.5B-instruct,intfloat__multilingual-e5-small,lifted,7,0.0936,0.0318,0.1599,0.0012
jinaai__jina-embeddings-v5-text-nano,Alibaba-NLP__gte-Qwen2-1.5B-instruct,lifted,7,0.0325,0.0014,0.0642,0.0394
jinaai__jina-embeddings-v5-text-small,Alibaba-NLP__gte-Qwen2-1.5B-instruct,lifted,7,0.0371,0.0107,0.0657,0.0
Alibaba-NLP__gte-Qwen2-1.5B-instruct,kimi-k2.6,lifted,7,0.0341,-0.0147,0.0849,0.1784
Alibaba-NLP__gte-Qwen2-1.5B-instruct,minimax-m2.7,lifted,7,0.0786,0.0039,0.1546,0.0372
Alibaba-NLP__gte-Qwen2-1.5B-instruct,ncbi__MedCPT,lifted,7,0.1689,0.0844,0.2618,0.0
nvidia__llama-embed-nemotron-8b,Alibaba-NLP__gte-Qwen2-1.5B-instruct,lifted,7,0.0293,0.0135,0.043,0.0002
Alibaba-NLP__gte-Qwen2-1.5B-instruct,qwen3.6-27b,lifted,7,0.0075,-0.0466,0.0654,0.8046
Alibaba-NLP__gte-Qwen2-1.5B-instruct,qwen3.6-35b-a3b,lifted,7,0.0014,-0.0394,0.0445,0.941
Alibaba-NLP__gte-Qwen2-1.5B-instruct,sentence-transformers__all-MiniLM-L6-v2,lifted,7,0.0805,0.03,0.1413,0.0
tencent__KaLM-Embedding-Gemma3-12B-2511,Alibaba-NLP__gte-Qwen2-1.5B-instruct,lifted,7,0.0197,-0.0065,0.0411,0.135
Alibaba-NLP__gte-Qwen2-7B-instruct,BAAI__bge-base-en-v1.5,lifted,7,0.088,0.0236,0.1498,0.0064
Alibaba-NLP__gte-Qwen2-7B-instruct,BAAI__bge-large-en-v1.5,lifted,7,0.0849,0.0284,0.1412,0.0042
Alibaba-NLP__gte-Qwen2-7B-instruct,BAAI__bge-m3,lifted,7,0.1007,0.0387,0.164,0.0008
Alibaba-NLP__gte-Qwen2-7B-instruct,BAAI__bge-small-en-v1.5,lifted,7,0.1036,0.0429,0.164,0.0008
Alibaba-NLP__gte-Qwen2-7B-instruct,FremyCompany__BioLORD-2023,lifted,7,0.1059,0.0335,0.1769,0.003
Alibaba-NLP__gte-Qwen2-7B-instruct,GritLM__GritLM-7B,lifted,7,0.2482,0.1476,0.3765,0.0
Alibaba-NLP__gte-Qwen2-7B-instruct,Linq-AI-Research__Linq-Embed-Mistral,lifted,7,0.0333,-0.011,0.0899,0.1664
Alibaba-NLP__gte-Qwen2-7B-instruct,NeuML__pubmedbert-base-embeddings,lifted,7,0.1491,0.0804,0.2182,0.0
Alibaba-NLP__gte-Qwen2-7B-instruct,Qwen__Qwen3-Embedding-0.6B,lifted,7,0.0295,-0.0045,0.0598,0.0964
Qwen__Qwen3-Embedding-4B,Alibaba-NLP__gte-Qwen2-7B-instruct,lifted,7,0.0101,-0.0135,0.0366,0.4664
Qwen__Qwen3-Embedding-8B,Alibaba-NLP__gte-Qwen2-7B-instruct,lifted,7,0.0135,-0.0057,0.0363,0.2036
Salesforce__SFR-Embedding-2_R,Alibaba-NLP__gte-Qwen2-7B-instruct,lifted,7,0.0083,-0.014,0.03,0.4812
Alibaba-NLP__gte-Qwen2-7B-instruct,Snowflake__snowflake-arctic-embed-l-v2.0,lifted,7,0.0997,0.0315,0.1712,0.0028
Alibaba-NLP__gte-Qwen2-7B-instruct,abhinand__MedEmbed-base-v0.1,lifted,7,0.0807,0.0261,0.1381,0.0026
Alibaba-NLP__gte-Qwen2-7B-instruct,abhinand__MedEmbed-large-v0.1,lifted,7,0.0823,0.024,0.1404,0.0048
Alibaba-NLP__gte-Qwen2-7B-instruct,abhinand__MedEmbed-small-v0.1,lifted,7,0.0767,0.0213,0.1354,0.0064
bflhc__Octen-Embedding-8B,Alibaba-NLP__gte-Qwen2-7B-instruct,lifted,7,0.013,-0.0149,0.0397,0.3604
Alibaba-NLP__gte-Qwen2-7B-instruct,codefuse-ai__F2LLM-v2-0.6B,lifted,7,0.0181,-0.0353,0.1102,0.6852
codefuse-ai__F2LLM-v2-1.7B,Alibaba-NLP__gte-Qwen2-7B-instruct,lifted,7,0.0015,-0.0951,0.0641,0.895
Alibaba-NLP__gte-Qwen2-7B-instruct,codefuse-ai__F2LLM-v2-14B,lifted,7,0.0048,-0.0614,0.1078,0.9678
Alibaba-NLP__gte-Qwen2-7B-instruct,codefuse-ai__F2LLM-v2-4B,lifted,7,0.0074,-0.0507,0.101,0.8568
Alibaba-NLP__gte-Qwen2-7B-instruct,codefuse-ai__F2LLM-v2-8B,lifted,7,0.005,-0.0611,0.1065,0.9684
Alibaba-NLP__gte-Qwen2-7B-instruct,deepseek-r1,lifted,7,0.1407,0.0488,0.2349,0.0028
Alibaba-NLP__gte-Qwen2-7B-instruct,deepseek__deepseek-v4-flash,lifted,7,0.1489,0.0601,0.2487,0.0
Alibaba-NLP__gte-Qwen2-7B-instruct,glm-4.7,lifted,7,0.1077,0.0255,0.201,0.0062
Alibaba-NLP__gte-Qwen2-7B-instruct,google__embeddinggemma-300m,lifted,7,0.0152,-0.0041,0.0337,0.1266
Alibaba-NLP__gte-Qwen2-7B-instruct,google__gemini-3-flash-preview,lifted,7,0.0445,-0.0223,0.1321,0.2662
Alibaba-NLP__gte-Qwen2-7B-instruct,google__gemini-3.1-flash-lite-preview,lifted,7,0.1998,0.0478,0.3539,0.0064
google__gemini-3.1-pro-preview,Alibaba-NLP__gte-Qwen2-7B-instruct,lifted,7,0.0266,-0.0146,0.0704,0.2264
Alibaba-NLP__gte-Qwen2-7B-instruct,intfloat__e5-mistral-7b-instruct,lifted,7,0.1961,0.141,0.2536,0.0
Alibaba-NLP__gte-Qwen2-7B-instruct,intfloat__multilingual-e5-base,lifted,7,0.1183,0.0429,0.1998,0.001
Alibaba-NLP__gte-Qwen2-7B-instruct,intfloat__multilingual-e5-large,lifted,7,0.1014,0.0335,0.181,0.0008
Alibaba-NLP__gte-Qwen2-7B-instruct,intfloat__multilingual-e5-large-instruct,lifted,7,0.0536,-0.0017,0.1219,0.06
Alibaba-NLP__gte-Qwen2-7B-instruct,intfloat__multilingual-e5-small,lifted,7,0.1174,0.0508,0.1887,0.0004
jinaai__jina-embeddings-v5-text-nano,Alibaba-NLP__gte-Qwen2-7B-instruct,lifted,7,0.0086,-0.0255,0.0435,0.6714
jinaai__jina-embeddings-v5-text-small,Alibaba-NLP__gte-Qwen2-7B-instruct,lifted,7,0.0132,-0.0172,0.0454,0.443
Alibaba-NLP__gte-Qwen2-7B-instruct,kimi-k2.6,lifted,7,0.058,0.006,0.1108,0.0274
Alibaba-NLP__gte-Qwen2-7B-instruct,minimax-m2.7,lifted,7,0.1024,0.0229,0.1835,0.0106
Alibaba-NLP__gte-Qwen2-7B-instruct,ncbi__MedCPT,lifted,7,0.1927,0.11,0.2797,0.0
nvidia__llama-embed-nemotron-8b,Alibaba-NLP__gte-Qwen2-7B-instruct,lifted,7,0.0055,-0.0165,0.0267,0.6446
Alibaba-NLP__gte-Qwen2-7B-instruct,qwen3.6-27b,lifted,7,0.0313,-0.0313,0.0969,0.3386
Alibaba-NLP__gte-Qwen2-7B-instruct,qwen3.6-35b-a3b,lifted,7,0.0252,-0.0212,0.0753,0.3214
Alibaba-NLP__gte-Qwen2-7B-instruct,sentence-transformers__all-MiniLM-L6-v2,lifted,7,0.1044,0.0504,0.1683,0.0
Alibaba-NLP__gte-Qwen2-7B-instruct,tencent__KaLM-Embedding-Gemma3-12B-2511,lifted,7,0.0042,-0.0192,0.0291,0.725
BAAI__bge-large-en-v1.5,BAAI__bge-base-en-v1.5,lifted,7,0.003,-0.0081,0.0135,0.5712
BAAI__bge-base-en-v1.5,BAAI__bge-m3,lifted,7,0.0128,-0.0336,0.0421,0.5364
BAAI__bge-base-en-v1.5,BAAI__bge-small-en-v1.5,lifted,7,0.0157,0.0021,0.0275,0.0248
BAAI__bge-base-en-v1.5,FremyCompany__BioLORD-2023,lifted,7,0.0179,0.0058,0.0314,0.0006
BAAI__bge-base-en-v1.5,GritLM__GritLM-7B,lifted,7,0.1603,0.0488,0.2883,0.0
Linq-AI-Research__Linq-Embed-Mistral,BAAI__bge-base-en-v1.5,lifted,7,0.0546,0.0206,0.0955,0.0008
BAAI__bge-base-en-v1.5,NeuML__pubmedbert-base-embeddings,lifted,7,0.0612,0.0186,0.1131,0.0004
Qwen__Qwen3-Embedding-0.6B,BAAI__bge-base-en-v1.5,lifted,7,0.0585,0.022,0.0985,0.0014
Qwen__Qwen3-Embedding-4B,BAAI__bge-base-en-v1.5,lifted,7,0.098,0.043,0.1614,0.0004
Qwen__Qwen3-Embedding-8B,BAAI__bge-base-en-v1.5,lifted,7,0.1015,0.0369,0.1662,0.0016
Salesforce__SFR-Embedding-2_R,BAAI__bge-base-en-v1.5,lifted,7,0.0963,0.0267,0.1614,0.0052
BAAI__bge-base-en-v1.5,Snowflake__snowflake-arctic-embed-l-v2.0,lifted,7,0.0118,-0.0454,0.0558,0.6264
abhinand__MedEmbed-base-v0.1,BAAI__bge-base-en-v1.5,lifted,7,0.0073,-0.0107,0.036,0.6708
abhinand__MedEmbed-large-v0.1,BAAI__bge-base-en-v1.5,lifted,7,0.0057,-0.0107,0.0241,0.5576
abhinand__MedEmbed-small-v0.1,BAAI__bge-base-en-v1.5,lifted,7,0.0113,-0.0052,0.028,0.1808
bflhc__Octen-Embedding-8B,BAAI__bge-base-en-v1.5,lifted,7,0.101,0.0393,0.1682,0.0004
codefuse-ai__F2LLM-v2-0.6B,BAAI__bge-base-en-v1.5,lifted,7,0.0698,0.0069,0.1324,0.0288
codefuse-ai__F2LLM-v2-1.7B,BAAI__bge-base-en-v1.5,lifted,7,0.0894,0.0185,0.1636,0.0122
codefuse-ai__F2LLM-v2-14B,BAAI__bge-base-en-v1.5,lifted,7,0.0832,0.0067,0.1608,0.0296
codefuse-ai__F2LLM-v2-4B,BAAI__bge-base-en-v1.5,lifted,7,0.0806,0.0117,0.1523,0.0202
codefuse-ai__F2LLM-v2-8B,BAAI__bge-base-en-v1.5,lifted,7,0.0829,0.0079,0.161,0.0284
BAAI__bge-base-en-v1.5,deepseek-r1,lifted,7,0.0527,-0.0261,0.1324,0.1966
BAAI__bge-base-en-v1.5,deepseek__deepseek-v4-flash,lifted,7,0.061,-0.0278,0.1509,0.1872
BAAI__bge-base-en-v1.5,glm-4.7,lifted,7,0.0197,-0.0773,0.1088,0.6552
google__embeddinggemma-300m,BAAI__bge-base-en-v1.5,lifted,7,0.0727,0.0202,0.1247,0.006
google__gemini-3-flash-preview,BAAI__bge-base-en-v1.5,lifted,7,0.0434,-0.0309,0.1237,0.2638
BAAI__bge-base-en-v1.5,google__gemini-3.1-flash-lite-preview,lifted,7,0.1118,-0.0299,0.2489,0.1238
google__gemini-3.1-pro-preview,BAAI__bge-base-en-v1.5,lifted,7,0.1146,0.0511,0.1857,0.0
BAAI__bge-base-en-v1.5,intfloat__e5-mistral-7b-instruct,lifted,7,0.1081,0.0454,0.1891,0.0
BAAI__bge-base-en-v1.5,intfloat__multilingual-e5-base,lifted,7,0.0304,-0.0054,0.0621,0.0948
BAAI__bge-base-en-v1.5,intfloat__multilingual-e5-large,lifted,7,0.0134,-0.0326,0.047,0.484
intfloat__multilingual-e5-large-instruct,BAAI__bge-base-en-v1.5,lifted,7,0.0344,0.0086,0.0648,0.0052
BAAI__bge-base-en-v1.5,intfloat__multilingual-e5-small,lifted,7,0.0295,0.0087,0.0483,0.0054
jinaai__jina-embeddings-v5-text-nano,BAAI__bge-base-en-v1.5,lifted,7,0.0966,0.0462,0.1647,0.0
jinaai__jina-embeddings-v5-text-small,BAAI__bge-base-en-v1.5,lifted,7,0.1012,0.0421,0.1705,0.0
kimi-k2.6,BAAI__bge-base-en-v1.5,lifted,7,0.03,-0.0242,0.102,0.399
BAAI__bge-base-en-v1.5,minimax-m2.7,lifted,7,0.0145,-0.073,0.0803,0.6548
BAAI__bge-base-en-v1.5,ncbi__MedCPT,lifted,7,0.1048,0.0351,0.1829,0.0
nvidia__llama-embed-nemotron-8b,BAAI__bge-base-en-v1.5,lifted,7,0.0934,0.038,0.1517,0.0
qwen3.6-27b,BAAI__bge-base-en-v1.5,lifted,7,0.0566,-0.0206,0.1383,0.1978
qwen3.6-35b-a3b,BAAI__bge-base-en-v1.5,lifted,7,0.0627,-0.0087,0.1421,0.1474
BAAI__bge-base-en-v1.5,sentence-transformers__all-MiniLM-L6-v2,lifted,7,0.0164,-0.009,0.0417,0.2332
tencent__KaLM-Embedding-Gemma3-12B-2511,BAAI__bge-base-en-v1.5,lifted,7,0.0838,0.0353,0.1434,0.0
BAAI__bge-large-en-v1.5,BAAI__bge-m3,lifted,7,0.0158,-0.0261,0.045,0.4318
BAAI__bge-large-en-v1.5,BAAI__bge-small-en-v1.5,lifted,7,0.0187,0.0005,0.0369,0.0414
BAAI__bge-large-en-v1.5,FremyCompany__BioLORD-2023,lifted,7,0.021,0.0006,0.0421,0.0426
BAAI__bge-large-en-v1.5,GritLM__GritLM-7B,lifted,7,0.1633,0.0477,0.2939,0.0
Linq-AI-Research__Linq-Embed-Mistral,BAAI__bge-large-en-v1.5,lifted,7,0.0516,0.024,0.0852,0.0
BAAI__bge-large-en-v1.5,NeuML__pubmedbert-base-embeddings,lifted,7,0.0642,0.0184,0.1184,0.0002
Qwen__Qwen3-Embedding-0.6B,BAAI__bge-large-en-v1.5,lifted,7,0.0555,0.027,0.0933,0.0
Qwen__Qwen3-Embedding-4B,BAAI__bge-large-en-v1.5,lifted,7,0.095,0.0476,0.1563,0.0
Qwen__Qwen3-Embedding-8B,BAAI__bge-large-en-v1.5,lifted,7,0.0984,0.0415,0.161,0.0006
Salesforce__SFR-Embedding-2_R,BAAI__bge-large-en-v1.5,lifted,7,0.0932,0.0281,0.1583,0.0074
BAAI__bge-large-en-v1.5,Snowflake__snowflake-arctic-embed-l-v2.0,lifted,7,0.0148,-0.0387,0.0612,0.5626
abhinand__MedEmbed-base-v0.1,BAAI__bge-large-en-v1.5,lifted,7,0.0043,-0.0121,0.0279,0.7354
abhinand__MedEmbed-large-v0.1,BAAI__bge-large-en-v1.5,lifted,7,0.0027,-0.0106,0.016,0.6938
abhinand__MedEmbed-small-v0.1,BAAI__bge-large-en-v1.5,lifted,7,0.0083,-0.008,0.0224,0.2954
bflhc__Octen-Embedding-8B,BAAI__bge-large-en-v1.5,lifted,7,0.0979,0.0431,0.1628,0.0
codefuse-ai__F2LLM-v2-0.6B,BAAI__bge-large-en-v1.5,lifted,7,0.0668,0.0073,0.1225,0.0264
codefuse-ai__F2LLM-v2-1.7B,BAAI__bge-large-en-v1.5,lifted,7,0.0864,0.0189,0.153,0.0118
codefuse-ai__F2LLM-v2-14B,BAAI__bge-large-en-v1.5,lifted,7,0.0802,0.007,0.1507,0.0276
codefuse-ai__F2LLM-v2-4B,BAAI__bge-large-en-v1.5,lifted,7,0.0776,0.0123,0.1416,0.019
codefuse-ai__F2LLM-v2-8B,BAAI__bge-large-en-v1.5,lifted,7,0.0799,0.0087,0.1512,0.0258
BAAI__bge-large-en-v1.5,deepseek-r1,lifted,7,0.0557,-0.0232,0.1405,0.1778
BAAI__bge-large-en-v1.5,deepseek__deepseek-v4-flash,lifted,7,0.064,-0.0239,0.1573,0.1732
BAAI__bge-large-en-v1.5,glm-4.7,lifted,7,0.0228,-0.0728,0.1155,0.605
google__embeddinggemma-300m,BAAI__bge-large-en-v1.5,lifted,7,0.0697,0.0236,0.116,0.001
google__gemini-3-flash-preview,BAAI__bge-large-en-v1.5,lifted,7,0.0404,-0.0406,0.1226,0.2744
BAAI__bge-large-en-v1.5,google__gemini-3.1-flash-lite-preview,lifted,7,0.1149,-0.0324,0.2551,0.1296
google__gemini-3.1-pro-preview,BAAI__bge-large-en-v1.5,lifted,7,0.1116,0.0533,0.176,0.0
BAAI__bge-large-en-v1.5,intfloat__e5-mistral-7b-instruct,lifted,7,0.1112,0.0506,0.1852,0.0
BAAI__bge-large-en-v1.5,intfloat__multilingual-e5-base,lifted,7,0.0334,-0.0025,0.0695,0.0674
BAAI__bge-large-en-v1.5,intfloat__multilingual-e5-large,lifted,7,0.0165,-0.0241,0.0491,0.3806
intfloat__multilingual-e5-large-instruct,BAAI__bge-large-en-v1.5,lifted,7,0.0313,0.0078,0.0573,0.0098
BAAI__bge-large-en-v1.5,intfloat__multilingual-e5-small,lifted,7,0.0325,0.0108,0.0565,0.0
jinaai__jina-embeddings-v5-text-nano,BAAI__bge-large-en-v1.5,lifted,7,0.0935,0.05,0.159,0.0
jinaai__jina-embeddings-v5-text-small,BAAI__bge-large-en-v1.5,lifted,7,0.0982,0.0489,0.1655,0.0
kimi-k2.6,BAAI__bge-large-en-v1.5,lifted,7,0.027,-0.0262,0.0985,0.4492
BAAI__bge-large-en-v1.5,minimax-m2.7,lifted,7,0.0175,-0.0699,0.0906,0.6382
BAAI__bge-large-en-v1.5,ncbi__MedCPT,lifted,7,0.1078,0.0331,0.1895,0.0
nvidia__llama-embed-nemotron-8b,BAAI__bge-large-en-v1.5,lifted,7,0.0904,0.0424,0.1439,0.0
qwen3.6-27b,BAAI__bge-large-en-v1.5,lifted,7,0.0536,-0.0227,0.1317,0.1978
qwen3.6-35b-a3b,BAAI__bge-large-en-v1.5,lifted,7,0.0597,-0.0079,0.1383,0.1402
BAAI__bge-large-en-v1.5,sentence-transformers__all-MiniLM-L6-v2,lifted,7,0.0195,-0.0058,0.0435,0.134
tencent__KaLM-Embedding-Gemma3-12B-2511,BAAI__bge-large-en-v1.5,lifted,7,0.0807,0.0374,0.1371,0.0
BAAI__bge-m3,BAAI__bge-small-en-v1.5,lifted,7,0.0029,-0.0344,0.055,0.9328
BAAI__bge-m3,FremyCompany__BioLORD-2023,lifted,7,0.0052,-0.0274,0.0474,0.8484
BAAI__bge-m3,GritLM__GritLM-7B,lifted,7,0.1475,0.0069,0.3151,0.033
Linq-AI-Research__Linq-Embed-Mistral,BAAI__bge-m3,lifted,7,0.0674,0.0417,0.0952,0.0
BAAI__bge-m3,NeuML__pubmedbert-base-embeddings,lifted,7,0.0484,-0.0198,0.1237,0.1796
Qwen__Qwen3-Embedding-0.6B,BAAI__bge-m3,lifted,7,0.0713,0.0169,0.1214,0.0124
Qwen__Qwen3-Embedding-4B,BAAI__bge-m3,lifted,7,0.1108,0.0535,0.1769,0.0
Qwen__Qwen3-Embedding-8B,BAAI__bge-m3,lifted,7,0.1142,0.0534,0.1808,0.0
Salesforce__SFR-Embedding-2_R,BAAI__bge-m3,lifted,7,0.109,0.0356,0.184,0.0014
Snowflake__snowflake-arctic-embed-l-v2.0,BAAI__bge-m3,lifted,7,0.001,-0.0301,0.0273,0.8886
abhinand__MedEmbed-base-v0.1,BAAI__bge-m3,lifted,7,0.0201,0.0003,0.0353,0.0464
abhinand__MedEmbed-large-v0.1,BAAI__bge-m3,lifted,7,0.0185,-0.0155,0.0468,0.264
abhinand__MedEmbed-small-v0.1,BAAI__bge-m3,lifted,7,0.0241,-0.0124,0.054,0.1918
bflhc__Octen-Embedding-8B,BAAI__bge-m3,lifted,7,0.1138,0.0614,0.1729,0.0
codefuse-ai__F2LLM-v2-0.6B,BAAI__bge-m3,lifted,7,0.0826,0.0212,0.1449,0.0072
codefuse-ai__F2LLM-v2-1.7B,BAAI__bge-m3,lifted,7,0.1022,0.0333,0.1769,0.0016
codefuse-ai__F2LLM-v2-14B,BAAI__bge-m3,lifted,7,0.096,0.0261,0.1681,0.0086
codefuse-ai__F2LLM-v2-4B,BAAI__bge-m3,lifted,7,0.0934,0.0295,0.1604,0.0038
codefuse-ai__F2LLM-v2-8B,BAAI__bge-m3,lifted,7,0.0957,0.0276,0.1669,0.006
BAAI__bge-m3,deepseek-r1,lifted,7,0.0399,-0.0337,0.1086,0.2736
BAAI__bge-m3,deepseek__deepseek-v4-flash,lifted,7,0.0482,-0.0364,0.1292,0.2586
BAAI__bge-m3,glm-4.7,lifted,7,0.0069,-0.082,0.079,0.8104
google__embeddinggemma-300m,BAAI__bge-m3,lifted,7,0.0855,0.0411,0.1309,0.0
google__gemini-3-flash-preview,BAAI__bge-m3,lifted,7,0.0562,-0.0609,0.1487,0.2962
BAAI__bge-m3,google__gemini-3.1-flash-lite-preview,lifted,7,0.0991,-0.0492,0.2378,0.1802
google__gemini-3.1-pro-preview,BAAI__bge-m3,lifted,7,0.1274,0.0867,0.1748,0.0
BAAI__bge-m3,intfloat__e5-mistral-7b-instruct,lifted,7,0.0954,0.0105,0.1912,0.0174
BAAI__bge-m3,intfloat__multilingual-e5-base,lifted,7,0.0176,-0.011,0.0463,0.2464
BAAI__bge-m3,intfloat__multilingual-e5-large,lifted,7,0.0006,-0.0194,0.0253,0.9832
intfloat__multilingual-e5-large-instruct,BAAI__bge-m3,lifted,7,0.0471,0.0169,0.0771,0.0006
BAAI__bge-m3,intfloat__multilingual-e5-small,lifted,7,0.0167,-0.0136,0.0507,0.3248
jinaai__jina-embeddings-v5-text-nano,BAAI__bge-m3,lifted,7,0.1094,0.0519,0.1816,0.0
jinaai__jina-embeddings-v5-text-small,BAAI__bge-m3,lifted,7,0.114,0.0589,0.1832,0.0
kimi-k2.6,BAAI__bge-m3,lifted,7,0.0428,-0.015,0.1169,0.187
BAAI__bge-m3,minimax-m2.7,lifted,7,0.0017,-0.0857,0.0782,0.9066
BAAI__bge-m3,ncbi__MedCPT,lifted,7,0.092,-0.0039,0.2085,0.0762
nvidia__llama-embed-nemotron-8b,BAAI__bge-m3,lifted,7,0.1062,0.0612,0.1586,0.0
qwen3.6-27b,BAAI__bge-m3,lifted,7,0.0694,0.0202,0.1341,0.0
qwen3.6-35b-a3b,BAAI__bge-m3,lifted,7,0.0755,0.0281,0.143,0.0
BAAI__bge-m3,sentence-transformers__all-MiniLM-L6-v2,lifted,7,0.0036,-0.0411,0.0577,0.8686
tencent__KaLM-Embedding-Gemma3-12B-2511,BAAI__bge-m3,lifted,7,0.0966,0.0354,0.1633,0.0008
BAAI__bge-small-en-v1.5,FremyCompany__BioLORD-2023,lifted,7,0.0023,-0.0167,0.0206,0.7966
BAAI__bge-small-en-v1.5,GritLM__GritLM-7B,lifted,7,0.1446,0.0365,0.2679,0.0002
Linq-AI-Research__Linq-Embed-Mistral,BAAI__bge-small-en-v1.5,lifted,7,0.0703,0.0341,0.1153,0.0
BAAI__bge-small-en-v1.5,NeuML__pubmedbert-base-embeddings,lifted,7,0.0455,0.0026,0.0957,0.0296
Qwen__Qwen3-Embedding-0.6B,BAAI__bge-small-en-v1.5,lifted,7,0.0741,0.0399,0.1112,0.0
Qwen__Qwen3-Embedding-4B,BAAI__bge-small-en-v1.5,lifted,7,0.1137,0.0601,0.1738,0.0
Qwen__Qwen3-Embedding-8B,BAAI__bge-small-en-v1.5,lifted,7,0.1171,0.0532,0.1803,0.0
Salesforce__SFR-Embedding-2_R,BAAI__bge-small-en-v1.5,lifted,7,0.1119,0.0458,0.1768,0.0006
Snowflake__snowflake-arctic-embed-l-v2.0,BAAI__bge-small-en-v1.5,lifted,7,0.0039,-0.0424,0.0648,0.9434
abhinand__MedEmbed-base-v0.1,BAAI__bge-small-en-v1.5,lifted,7,0.0229,-0.0028,0.0577,0.1104
abhinand__MedEmbed-large-v0.1,BAAI__bge-small-en-v1.5,lifted,7,0.0213,-0.0036,0.0478,0.101
abhinand__MedEmbed-small-v0.1,BAAI__bge-small-en-v1.5,lifted,7,0.027,0.0063,0.0496,0.005
bflhc__Octen-Embedding-8B,BAAI__bge-small-en-v1.5,lifted,7,0.1166,0.0577,0.1812,0.0
codefuse-ai__F2LLM-v2-0.6B,BAAI__bge-small-en-v1.5,lifted,7,0.0855,0.0197,0.1528,0.0122
codefuse-ai__F2LLM-v2-1.7B,BAAI__bge-small-en-v1.5,lifted,7,0.1051,0.031,0.1836,0.0048
codefuse-ai__F2LLM-v2-14B,BAAI__bge-small-en-v1.5,lifted,7,0.0988,0.0189,0.1837,0.0148
codefuse-ai__F2LLM-v2-4B,BAAI__bge-small-en-v1.5,lifted,7,0.0963,0.0241,0.1728,0.0092
codefuse-ai__F2LLM-v2-8B,BAAI__bge-small-en-v1.5,lifted,7,0.0986,0.0204,0.1826,0.0124
BAAI__bge-small-en-v1.5,deepseek-r1,lifted,7,0.037,-0.043,0.1187,0.385
BAAI__bge-small-en-v1.5,deepseek__deepseek-v4-flash,lifted,7,0.0453,-0.0441,0.1385,0.3374
BAAI__bge-small-en-v1.5,glm-4.7,lifted,7,0.0041,-0.0914,0.0921,0.9026
google__embeddinggemma-300m,BAAI__bge-small-en-v1.5,lifted,7,0.0884,0.0374,0.1402,0.0
google__gemini-3-flash-preview,BAAI__bge-small-en-v1.5,lifted,7,0.0591,-0.0083,0.1332,0.0834
BAAI__bge-small-en-v1.5,google__gemini-3.1-flash-lite-preview,lifted,7,0.0962,-0.0484,0.2351,0.186
google__gemini-3.1-pro-preview,BAAI__bge-small-en-v1.5,lifted,7,0.1303,0.0643,0.2051,0.0
BAAI__bge-small-en-v1.5,intfloat__e5-mistral-7b-instruct,lifted,7,0.0925,0.0365,0.167,0.0
BAAI__bge-small-en-v1.5,intfloat__multilingual-e5-base,lifted,7,0.0147,-0.0268,0.0515,0.4652
intfloat__multilingual-e5-large,BAAI__bge-small-en-v1.5,lifted,7,0.0022,-0.0404,0.0536,0.9626
intfloat__multilingual-e5-large-instruct,BAAI__bge-small-en-v1.5,lifted,7,0.05,0.0217,0.0843,0.0
BAAI__bge-small-en-v1.5,intfloat__multilingual-e5-small,lifted,7,0.0138,-0.0115,0.037,0.2754
jinaai__jina-embeddings-v5-text-nano,BAAI__bge-small-en-v1.5,lifted,7,0.1122,0.0628,0.1766,0.0
jinaai__jina-embeddings-v5-text-small,BAAI__bge-small-en-v1.5,lifted,7,0.1168,0.0587,0.1837,0.0
kimi-k2.6,BAAI__bge-small-en-v1.5,lifted,7,0.0456,-0.0076,0.1169,0.1154
minimax-m2.7,BAAI__bge-small-en-v1.5,lifted,7,0.0012,-0.0652,0.0839,0.9562
BAAI__bge-small-en-v1.5,ncbi__MedCPT,lifted,7,0.0891,0.022,0.167,0.0
nvidia__llama-embed-nemotron-8b,BAAI__bge-small-en-v1.5,lifted,7,0.1091,0.0532,0.1683,0.0
qwen3.6-27b,BAAI__bge-small-en-v1.5,lifted,7,0.0723,-0.0046,0.1571,0.096
qwen3.6-35b-a3b,BAAI__bge-small-en-v1.5,lifted,7,0.0784,0.0085,0.1517,0.0
BAAI__bge-small-en-v1.5,sentence-transformers__all-MiniLM-L6-v2,lifted,7,0.0008,-0.0234,0.0246,0.9606
tencent__KaLM-Embedding-Gemma3-12B-2511,BAAI__bge-small-en-v1.5,lifted,7,0.0994,0.0517,0.1561,0.0
FremyCompany__BioLORD-2023,GritLM__GritLM-7B,lifted,7,0.1423,0.0236,0.2778,0.0204
Linq-AI-Research__Linq-Embed-Mistral,FremyCompany__BioLORD-2023,lifted,7,0.0726,0.0333,0.1118,0.0004
FremyCompany__BioLORD-2023,NeuML__pubmedbert-base-embeddings,lifted,7,0.0432,-0.0043,0.0977,0.0764
Qwen__Qwen3-Embedding-0.6B,FremyCompany__BioLORD-2023,lifted,7,0.0764,0.0308,0.1274,0.0014
Qwen__Qwen3-Embedding-4B,FremyCompany__BioLORD-2023,lifted,7,0.116,0.0524,0.1887,0.0
Qwen__Qwen3-Embedding-8B,FremyCompany__BioLORD-2023,lifted,7,0.1194,0.0469,0.194,0.0014
Salesforce__SFR-Embedding-2_R,FremyCompany__BioLORD-2023,lifted,7,0.1142,0.0404,0.188,0.0018
Snowflake__snowflake-arctic-embed-l-v2.0,FremyCompany__BioLORD-2023,lifted,7,0.0062,-0.0361,0.0581,0.8628
abhinand__MedEmbed-base-v0.1,FremyCompany__BioLORD-2023,lifted,7,0.0252,0.001,0.0521,0.0386
abhinand__MedEmbed-large-v0.1,FremyCompany__BioLORD-2023,lifted,7,0.0236,0.0034,0.0463,0.016
abhinand__MedEmbed-small-v0.1,FremyCompany__BioLORD-2023,lifted,7,0.0292,0.0099,0.0481,0.0032
bflhc__Octen-Embedding-8B,FremyCompany__BioLORD-2023,lifted,7,0.1189,0.0509,0.1923,0.0004
codefuse-ai__F2LLM-v2-0.6B,FremyCompany__BioLORD-2023,lifted,7,0.0878,0.0272,0.153,0.0038
codefuse-ai__F2LLM-v2-1.7B,FremyCompany__BioLORD-2023,lifted,7,0.1074,0.0365,0.1848,0.0008
codefuse-ai__F2LLM-v2-14B,FremyCompany__BioLORD-2023,lifted,7,0.1011,0.0264,0.1808,0.0062
codefuse-ai__F2LLM-v2-4B,FremyCompany__BioLORD-2023,lifted,7,0.0985,0.0301,0.1721,0.0034
codefuse-ai__F2LLM-v2-8B,FremyCompany__BioLORD-2023,lifted,7,0.1009,0.0271,0.1808,0.0052
FremyCompany__BioLORD-2023,deepseek-r1,lifted,7,0.0348,-0.0485,0.1102,0.3822
FremyCompany__BioLORD-2023,deepseek__deepseek-v4-flash,lifted,7,0.043,-0.0493,0.1311,0.3506
FremyCompany__BioLORD-2023,glm-4.7,lifted,7,0.0018,-0.099,0.0862,0.9066
google__embeddinggemma-300m,FremyCompany__BioLORD-2023,lifted,7,0.0906,0.0298,0.1485,0.002
google__gemini-3-flash-preview,FremyCompany__BioLORD-2023,lifted,7,0.0613,-0.0186,0.1483,0.1428
FremyCompany__BioLORD-2023,google__gemini-3.1-flash-lite-preview,lifted,7,0.0939,-0.0539,0.2286,0.1962
google__gemini-3.1-pro-preview,FremyCompany__BioLORD-2023,lifted,7,0.1325,0.0649,0.2064,0.0
FremyCompany__BioLORD-2023,intfloat__e5-mistral-7b-instruct,lifted,7,0.0902,0.0195,0.1797,0.0052
FremyCompany__BioLORD-2023,intfloat__multilingual-e5-base,lifted,7,0.0124,-0.0147,0.0321,0.333
intfloat__multilingual-e5-large,FremyCompany__BioLORD-2023,lifted,7,0.0045,-0.0256,0.0434,0.8492
intfloat__multilingual-e5-large-instruct,FremyCompany__BioLORD-2023,lifted,7,0.0523,0.0266,0.0793,0.0
FremyCompany__BioLORD-2023,intfloat__multilingual-e5-small,lifted,7,0.0116,-0.0013,0.0217,0.0652
jinaai__jina-embeddings-v5-text-nano,FremyCompany__BioLORD-2023,lifted,7,0.1145,0.0564,0.191,0.0
jinaai__jina-embeddings-v5-text-small,FremyCompany__BioLORD-2023,lifted,7,0.1191,0.0509,0.1979,0.0
kimi-k2.6,FremyCompany__BioLORD-2023,lifted,7,0.0479,-0.0095,0.128,0.138
minimax-m2.7,FremyCompany__BioLORD-2023,lifted,7,0.0035,-0.0589,0.0938,0.988
FremyCompany__BioLORD-2023,ncbi__MedCPT,lifted,7,0.0868,0.01,0.1708,0.0032
nvidia__llama-embed-nemotron-8b,FremyCompany__BioLORD-2023,lifted,7,0.1114,0.0485,0.1775,0.0
qwen3.6-27b,FremyCompany__BioLORD-2023,lifted,7,0.0746,-0.0031,0.1593,0.0798
qwen3.6-35b-a3b,FremyCompany__BioLORD-2023,lifted,7,0.0807,0.0063,0.168,0.0186
sentence-transformers__all-MiniLM-L6-v2,FremyCompany__BioLORD-2023,lifted,7,0.0015,-0.028,0.0312,0.9146
tencent__KaLM-Embedding-Gemma3-12B-2511,FremyCompany__BioLORD-2023,lifted,7,0.1017,0.044,0.1701,0.0
Linq-AI-Research__Linq-Embed-Mistral,GritLM__GritLM-7B,lifted,7,0.2149,0.0934,0.3654,0.0
NeuML__pubmedbert-base-embeddings,GritLM__GritLM-7B,lifted,7,0.0991,0.0125,0.1998,0.0208
Qwen__Qwen3-Embedding-0.6B,GritLM__GritLM-7B,lifted,7,0.2187,0.1154,0.3379,0.0
Qwen__Qwen3-Embedding-4B,GritLM__GritLM-7B,lifted,7,0.2583,0.1463,0.3872,0.0
Qwen__Qwen3-Embedding-8B,GritLM__GritLM-7B,lifted,7,0.2617,0.1467,0.3984,0.0
Salesforce__SFR-Embedding-2_R,GritLM__GritLM-7B,lifted,7,0.2565,0.1656,0.3685,0.0
Snowflake__snowflake-arctic-embed-l-v2.0,GritLM__GritLM-7B,lifted,7,0.1485,0.0208,0.3162,0.0304
abhinand__MedEmbed-base-v0.1,GritLM__GritLM-7B,lifted,7,0.1675,0.0431,0.3139,0.0
abhinand__MedEmbed-large-v0.1,GritLM__GritLM-7B,lifted,7,0.1659,0.0494,0.2999,0.0
abhinand__MedEmbed-small-v0.1,GritLM__GritLM-7B,lifted,7,0.1716,0.0629,0.3011,0.0
bflhc__Octen-Embedding-8B,GritLM__GritLM-7B,lifted,7,0.2612,0.1403,0.4108,0.0
codefuse-ai__F2LLM-v2-0.6B,GritLM__GritLM-7B,lifted,7,0.2301,0.1042,0.3813,0.0
codefuse-ai__F2LLM-v2-1.7B,GritLM__GritLM-7B,lifted,7,0.2497,0.1232,0.4,0.0
codefuse-ai__F2LLM-v2-14B,GritLM__GritLM-7B,lifted,7,0.2434,0.1071,0.4051,0.0
codefuse-ai__F2LLM-v2-4B,GritLM__GritLM-7B,lifted,7,0.2409,0.1135,0.3959,0.0
codefuse-ai__F2LLM-v2-8B,GritLM__GritLM-7B,lifted,7,0.2432,0.1089,0.4048,0.0
deepseek-r1,GritLM__GritLM-7B,lifted,7,0.1076,-0.0651,0.2837,0.2396
deepseek__deepseek-v4-flash,GritLM__GritLM-7B,lifted,7,0.0993,-0.0786,0.275,0.288
glm-4.7,GritLM__GritLM-7B,lifted,7,0.1405,-0.0319,0.3159,0.115
google__embeddinggemma-300m,GritLM__GritLM-7B,lifted,7,0.233,0.1208,0.3755,0.0
google__gemini-3-flash-preview,GritLM__GritLM-7B,lifted,7,0.2037,0.1129,0.2944,0.0
google__gemini-3.1-flash-lite-preview,GritLM__GritLM-7B,lifted,7,0.0484,-0.1625,0.2423,0.6846
google__gemini-3.1-pro-preview,GritLM__GritLM-7B,lifted,7,0.2749,0.138,0.4462,0.0
intfloat__e5-mistral-7b-instruct,GritLM__GritLM-7B,lifted,7,0.0521,-0.0383,0.1555,0.3014
intfloat__multilingual-e5-base,GritLM__GritLM-7B,lifted,7,0.1299,-0.0053,0.2854,0.0652
intfloat__multilingual-e5-large,GritLM__GritLM-7B,lifted,7,0.1468,0.0058,0.3076,0.0404
intfloat__multilingual-e5-large-instruct,GritLM__GritLM-7B,lifted,7,0.1946,0.0736,0.3373,0.0
intfloat__multilingual-e5-small,GritLM__GritLM-7B,lifted,7,0.1308,0.0091,0.2702,0.0386
jinaai__jina-embeddings-v5-text-nano,GritLM__GritLM-7B,lifted,7,0.2568,0.1388,0.3883,0.0
jinaai__jina-embeddings-v5-text-small,GritLM__GritLM-7B,lifted,7,0.2614,0.1388,0.3999,0.0
kimi-k2.6,GritLM__GritLM-7B,lifted,7,0.1902,0.062,0.3256,0.0026
minimax-m2.7,GritLM__GritLM-7B,lifted,7,0.1458,0.0007,0.2857,0.0486
ncbi__MedCPT,GritLM__GritLM-7B,lifted,7,0.0555,-0.0009,0.1168,0.0554
nvidia__llama-embed-nemotron-8b,GritLM__GritLM-7B,lifted,7,0.2537,0.1342,0.3973,0.0
qwen3.6-27b,GritLM__GritLM-7B,lifted,7,0.2169,0.0599,0.4001,0.0044
qwen3.6-35b-a3b,GritLM__GritLM-7B,lifted,7,0.223,0.0761,0.3892,0.0
sentence-transformers__all-MiniLM-L6-v2,GritLM__GritLM-7B,lifted,7,0.1438,0.0429,0.2602,0.0
tencent__KaLM-Embedding-Gemma3-12B-2511,GritLM__GritLM-7B,lifted,7,0.244,0.1425,0.3601,0.0
Linq-AI-Research__Linq-Embed-Mistral,NeuML__pubmedbert-base-embeddings,lifted,7,0.1158,0.0621,0.1749,0.0
Qwen__Qwen3-Embedding-0.6B,Linq-AI-Research__Linq-Embed-Mistral,lifted,7,0.0039,-0.0404,0.0498,0.8754
Qwen__Qwen3-Embedding-4B,Linq-AI-Research__Linq-Embed-Mistral,lifted,7,0.0434,-0.0018,0.1078,0.0666
Qwen__Qwen3-Embedding-8B,Linq-AI-Research__Linq-Embed-Mistral,lifted,7,0.0468,0.0007,0.1109,0.0424
Salesforce__SFR-Embedding-2_R,Linq-AI-Research__Linq-Embed-Mistral,lifted,7,0.0416,-0.0148,0.1081,0.1644
Linq-AI-Research__Linq-Embed-Mistral,Snowflake__snowflake-arctic-embed-l-v2.0,lifted,7,0.0664,0.0313,0.0982,0.0004
Linq-AI-Research__Linq-Embed-Mistral,abhinand__MedEmbed-base-v0.1,lifted,7,0.0473,0.0284,0.0654,0.0
Linq-AI-Research__Linq-Embed-Mistral,abhinand__MedEmbed-large-v0.1,lifted,7,0.0489,0.0226,0.0761,0.0
Linq-AI-Research__Linq-Embed-Mistral,abhinand__MedEmbed-small-v0.1,lifted,7,0.0433,0.0197,0.0691,0.0002
bflhc__Octen-Embedding-8B,Linq-AI-Research__Linq-Embed-Mistral,lifted,7,0.0464,0.0048,0.1068,0.0136
codefuse-ai__F2LLM-v2-0.6B,Linq-AI-Research__Linq-Embed-Mistral,lifted,7,0.0152,-0.0316,0.0565,0.484
codefuse-ai__F2LLM-v2-1.7B,Linq-AI-Research__Linq-Embed-Mistral,lifted,7,0.0348,-0.0183,0.0879,0.2014
codefuse-ai__F2LLM-v2-14B,Linq-AI-Research__Linq-Embed-Mistral,lifted,7,0.0286,-0.0286,0.0806,0.306
codefuse-ai__F2LLM-v2-4B,Linq-AI-Research__Linq-Embed-Mistral,lifted,7,0.026,-0.0227,0.0735,0.3
codefuse-ai__F2LLM-v2-8B,Linq-AI-Research__Linq-Embed-Mistral,lifted,7,0.0283,-0.0272,0.0806,0.3064
Linq-AI-Research__Linq-Embed-Mistral,deepseek-r1,lifted,7,0.1073,0.0172,0.1963,0.0194
Linq-AI-Research__Linq-Embed-Mistral,deepseek__deepseek-v4-flash,lifted,7,0.1156,0.0218,0.2106,0.0176
Linq-AI-Research__Linq-Embed-Mistral,glm-4.7,lifted,7,0.0744,-0.026,0.1672,0.1358
google__embeddinggemma-300m,Linq-AI-Research__Linq-Embed-Mistral,lifted,7,0.0181,-0.0113,0.0597,0.3758
Linq-AI-Research__Linq-Embed-Mistral,google__gemini-3-flash-preview,lifted,7,0.0112,-0.0826,0.1194,0.8324
Linq-AI-Research__Linq-Embed-Mistral,google__gemini-3.1-flash-lite-preview,lifted,7,0.1665,0.0023,0.3218,0.046
google__gemini-3.1-pro-preview,Linq-AI-Research__Linq-Embed-Mistral,lifted,7,0.06,0.0183,0.1122,0.0
Linq-AI-Research__Linq-Embed-Mistral,intfloat__e5-mistral-7b-instruct,lifted,7,0.1628,0.0954,0.2345,0.0
Linq-AI-Research__Linq-Embed-Mistral,intfloat__multilingual-e5-base,lifted,7,0.085,0.0488,0.1183,0.0
Linq-AI-Research__Linq-Embed-Mistral,intfloat__multilingual-e5-large,lifted,7,0.068,0.0426,0.093,0.0
Linq-AI-Research__Linq-Embed-Mistral,intfloat__multilingual-e5-large-instruct,lifted,7,0.0203,0.0028,0.038,0.022
Linq-AI-Research__Linq-Embed-Mistral,intfloat__multilingual-e5-small,lifted,7,0.0841,0.0524,0.114,0.0
jinaai__jina-embeddings-v5-text-nano,Linq-AI-Research__Linq-Embed-Mistral,lifted,7,0.042,-0.0073,0.1137,0.1438
jinaai__jina-embeddings-v5-text-small,Linq-AI-Research__Linq-Embed-Mistral,lifted,7,0.0466,0.0012,0.1149,0.0348
Linq-AI-Research__Linq-Embed-Mistral,kimi-k2.6,lifted,7,0.0246,-0.0537,0.0892,0.4782
Linq-AI-Research__Linq-Embed-Mistral,minimax-m2.7,lifted,7,0.0691,-0.0282,0.155,0.1528
Linq-AI-Research__Linq-Embed-Mistral,ncbi__MedCPT,lifted,7,0.1594,0.0762,0.2606,0.0
nvidia__llama-embed-nemotron-8b,Linq-AI-Research__Linq-Embed-Mistral,lifted,7,0.0388,0.0082,0.0881,0.0
qwen3.6-27b,Linq-AI-Research__Linq-Embed-Mistral,lifted,7,0.002,-0.0658,0.0777,0.9942
qwen3.6-35b-a3b,Linq-AI-Research__Linq-Embed-Mistral,lifted,7,0.0081,-0.0486,0.081,0.882
Linq-AI-Research__Linq-Embed-Mistral,sentence-transformers__all-MiniLM-L6-v2,lifted,7,0.071,0.042,0.108,0.0
tencent__KaLM-Embedding-Gemma3-12B-2511,Linq-AI-Research__Linq-Embed-Mistral,lifted,7,0.0292,-0.0194,0.0928,0.2958
Qwen__Qwen3-Embedding-0.6B,NeuML__pubmedbert-base-embeddings,lifted,7,0.1196,0.061,0.1795,0.0
Qwen__Qwen3-Embedding-4B,NeuML__pubmedbert-base-embeddings,lifted,7,0.1592,0.0819,0.24,0.0
Qwen__Qwen3-Embedding-8B,NeuML__pubmedbert-base-embeddings,lifted,7,0.1626,0.0793,0.2449,0.0
Salesforce__SFR-Embedding-2_R,NeuML__pubmedbert-base-embeddings,lifted,7,0.1574,0.0984,0.2279,0.0
Snowflake__snowflake-arctic-embed-l-v2.0,NeuML__pubmedbert-base-embeddings,lifted,7,0.0494,-0.0055,0.1182,0.089
abhinand__MedEmbed-base-v0.1,NeuML__pubmedbert-base-embeddings,lifted,7,0.0684,0.0143,0.1298,0.0016
abhinand__MedEmbed-large-v0.1,NeuML__pubmedbert-base-embeddings,lifted,7,0.0668,0.0234,0.1161,0.0
abhinand__MedEmbed-small-v0.1,NeuML__pubmedbert-base-embeddings,lifted,7,0.0725,0.0333,0.1155,0.0
bflhc__Octen-Embedding-8B,NeuML__pubmedbert-base-embeddings,lifted,7,0.1621,0.0786,0.2468,0.0
codefuse-ai__F2LLM-v2-0.6B,NeuML__pubmedbert-base-embeddings,lifted,7,0.131,0.0733,0.1893,0.0
codefuse-ai__F2LLM-v2-1.7B,NeuML__pubmedbert-base-embeddings,lifted,7,0.1506,0.0879,0.2149,0.0
codefuse-ai__F2LLM-v2-14B,NeuML__pubmedbert-base-embeddings,lifted,7,0.1443,0.0747,0.2169,0.0
codefuse-ai__F2LLM-v2-4B,NeuML__pubmedbert-base-embeddings,lifted,7,0.1417,0.0796,0.2077,0.0
codefuse-ai__F2LLM-v2-8B,NeuML__pubmedbert-base-embeddings,lifted,7,0.1441,0.0763,0.2169,0.0
deepseek-r1,NeuML__pubmedbert-base-embeddings,lifted,7,0.0085,-0.107,0.1217,0.9082
deepseek__deepseek-v4-flash,NeuML__pubmedbert-base-embeddings,lifted,7,0.0002,-0.1285,0.1244,0.9962
glm-4.7,NeuML__pubmedbert-base-embeddings,lifted,7,0.0414,-0.0816,0.1658,0.5354
google__embeddinggemma-300m,NeuML__pubmedbert-base-embeddings,lifted,7,0.1339,0.0658,0.2013,0.0
google__gemini-3-flash-preview,NeuML__pubmedbert-base-embeddings,lifted,7,0.1046,0.0241,0.1953,0.0032
NeuML__pubmedbert-base-embeddings,google__gemini-3.1-flash-lite-preview,lifted,7,0.0507,-0.1195,0.2218,0.5508
google__gemini-3.1-pro-preview,NeuML__pubmedbert-base-embeddings,lifted,7,0.1757,0.0899,0.2669,0.0
NeuML__pubmedbert-base-embeddings,intfloat__e5-mistral-7b-instruct,lifted,7,0.047,-0.0194,0.1373,0.2466
intfloat__multilingual-e5-base,NeuML__pubmedbert-base-embeddings,lifted,7,0.0308,-0.0285,0.0936,0.3468
intfloat__multilingual-e5-large,NeuML__pubmedbert-base-embeddings,lifted,7,0.0477,-0.0123,0.1133,0.165
intfloat__multilingual-e5-large-instruct,NeuML__pubmedbert-base-embeddings,lifted,7,0.0955,0.0482,0.1472,0.0
intfloat__multilingual-e5-small,NeuML__pubmedbert-base-embeddings,lifted,7,0.0317,-0.0158,0.0852,0.213
jinaai__jina-embeddings-v5-text-nano,NeuML__pubmedbert-base-embeddings,lifted,7,0.1577,0.0803,0.2443,0.0
jinaai__jina-embeddings-v5-text-small,NeuML__pubmedbert-base-embeddings,lifted,7,0.1623,0.0777,0.2513,0.0
kimi-k2.6,NeuML__pubmedbert-base-embeddings,lifted,7,0.0911,0.0097,0.1816,0.0238
minimax-m2.7,NeuML__pubmedbert-base-embeddings,lifted,7,0.0467,-0.0535,0.1534,0.3902
NeuML__pubmedbert-base-embeddings,ncbi__MedCPT,lifted,7,0.0436,-0.0009,0.0903,0.055
nvidia__llama-embed-nemotron-8b,NeuML__pubmedbert-base-embeddings,lifted,7,0.1546,0.081,0.2293,0.0
qwen3.6-27b,NeuML__pubmedbert-base-embeddings,lifted,7,0.1178,0.017,0.2283,0.0354
qwen3.6-35b-a3b,NeuML__pubmedbert-base-embeddings,lifted,7,0.1239,0.031,0.2275,0.0008
sentence-transformers__all-MiniLM-L6-v2,NeuML__pubmedbert-base-embeddings,lifted,7,0.0447,0.0124,0.0804,0.0034
tencent__KaLM-Embedding-Gemma3-12B-2511,NeuML__pubmedbert-base-embeddings,lifted,7,0.1449,0.0827,0.216,0.0
Qwen__Qwen3-Embedding-4B,Qwen__Qwen3-Embedding-0.6B,lifted,7,0.0396,0.0181,0.0654,0.0
Qwen__Qwen3-Embedding-8B,Qwen__Qwen3-Embedding-0.6B,lifted,7,0.043,0.0128,0.0725,0.0058
Salesforce__SFR-Embedding-2_R,Qwen__Qwen3-Embedding-0.6B,lifted,7,0.0378,-0.0072,0.0714,0.1082
Qwen__Qwen3-Embedding-0.6B,Snowflake__snowflake-arctic-embed-l-v2.0,lifted,7,0.0703,0.0009,0.1338,0.0476
Qwen__Qwen3-Embedding-0.6B,abhinand__MedEmbed-base-v0.1,lifted,7,0.0512,0.0119,0.0934,0.011
Qwen__Qwen3-Embedding-0.6B,abhinand__MedEmbed-large-v0.1,lifted,7,0.0528,0.0152,0.0978,0.002
Qwen__Qwen3-Embedding-0.6B,abhinand__MedEmbed-small-v0.1,lifted,7,0.0472,0.0114,0.0913,0.006
bflhc__Octen-Embedding-8B,Qwen__Qwen3-Embedding-0.6B,lifted,7,0.0425,0.0104,0.0799,0.0008
codefuse-ai__F2LLM-v2-0.6B,Qwen__Qwen3-Embedding-0.6B,lifted,7,0.0113,-0.0738,0.0774,0.6976
codefuse-ai__F2LLM-v2-1.7B,Qwen__Qwen3-Embedding-0.6B,lifted,7,0.0309,-0.0597,0.1059,0.4396
codefuse-ai__F2LLM-v2-14B,Qwen__Qwen3-Embedding-0.6B,lifted,7,0.0247,-0.0724,0.1058,0.5598
codefuse-ai__F2LLM-v2-4B,Qwen__Qwen3-Embedding-0.6B,lifted,7,0.0221,-0.067,0.0957,0.5608
codefuse-ai__F2LLM-v2-8B,Qwen__Qwen3-Embedding-0.6B,lifted,7,0.0245,-0.0713,0.1055,0.5552
Qwen__Qwen3-Embedding-0.6B,deepseek-r1,lifted,7,0.1112,0.0381,0.1929,0.0
Qwen__Qwen3-Embedding-0.6B,deepseek__deepseek-v4-flash,lifted,7,0.1195,0.0433,0.2084,0.0
Qwen__Qwen3-Embedding-0.6B,glm-4.7,lifted,7,0.0782,0.0021,0.1643,0.0424
google__embeddinggemma-300m,Qwen__Qwen3-Embedding-0.6B,lifted,7,0.0142,-0.0084,0.0451,0.3392
Qwen__Qwen3-Embedding-0.6B,google__gemini-3-flash-preview,lifted,7,0.0151,-0.0342,0.0795,0.649
Qwen__Qwen3-Embedding-0.6B,google__gemini-3.1-flash-lite-preview,lifted,7,0.1703,0.0322,0.3084,0.0138
google__gemini-3.1-pro-preview,Qwen__Qwen3-Embedding-0.6B,lifted,7,0.0561,0.0135,0.1154,0.0
Qwen__Qwen3-Embedding-0.6B,intfloat__e5-mistral-7b-instruct,lifted,7,0.1666,0.1166,0.2194,0.0
Qwen__Qwen3-Embedding-0.6B,intfloat__multilingual-e5-base,lifted,7,0.0889,0.0307,0.154,0.0006
Qwen__Qwen3-Embedding-0.6B,intfloat__multilingual-e5-large,lifted,7,0.0719,0.0142,0.1366,0.011
Qwen__Qwen3-Embedding-0.6B,intfloat__multilingual-e5-large-instruct,lifted,7,0.0241,-0.017,0.0784,0.349
Qwen__Qwen3-Embedding-0.6B,intfloat__multilingual-e5-small,lifted,7,0.088,0.0423,0.1425,0.0
jinaai__jina-embeddings-v5-text-nano,Qwen__Qwen3-Embedding-0.6B,lifted,7,0.0381,0.0129,0.07,0.0002
jinaai__jina-embeddings-v5-text-small,Qwen__Qwen3-Embedding-0.6B,lifted,7,0.0427,0.0141,0.0765,0.0
Qwen__Qwen3-Embedding-0.6B,kimi-k2.6,lifted,7,0.0285,-0.0153,0.0728,0.202
Qwen__Qwen3-Embedding-0.6B,minimax-m2.7,lifted,7,0.073,0.0079,0.1405,0.0286
Qwen__Qwen3-Embedding-0.6B,ncbi__MedCPT,lifted,7,0.1633,0.0878,0.2438,0.0
nvidia__llama-embed-nemotron-8b,Qwen__Qwen3-Embedding-0.6B,lifted,7,0.0349,0.0079,0.0674,0.0014
Qwen__Qwen3-Embedding-0.6B,qwen3.6-27b,lifted,7,0.0018,-0.071,0.0667,0.9244
qwen3.6-35b-a3b,Qwen__Qwen3-Embedding-0.6B,lifted,7,0.0043,-0.0495,0.0657,0.9204
Qwen__Qwen3-Embedding-0.6B,sentence-transformers__all-MiniLM-L6-v2,lifted,7,0.0749,0.0408,0.1224,0.0
tencent__KaLM-Embedding-Gemma3-12B-2511,Qwen__Qwen3-Embedding-0.6B,lifted,7,0.0253,0.0044,0.0485,0.0108
Qwen__Qwen3-Embedding-8B,Qwen__Qwen3-Embedding-4B,lifted,7,0.0034,-0.0092,0.0152,0.5554
Qwen__Qwen3-Embedding-4B,Salesforce__SFR-Embedding-2_R,lifted,7,0.0018,-0.0258,0.0406,0.9934
Qwen__Qwen3-Embedding-4B,Snowflake__snowflake-arctic-embed-l-v2.0,lifted,7,0.1098,0.0376,0.1894,0.0014
Qwen__Qwen3-Embedding-4B,abhinand__MedEmbed-base-v0.1,lifted,7,0.0907,0.0419,0.1551,0.0
Qwen__Qwen3-Embedding-4B,abhinand__MedEmbed-large-v0.1,lifted,7,0.0924,0.037,0.1613,0.0
Qwen__Qwen3-Embedding-4B,abhinand__MedEmbed-small-v0.1,lifted,7,0.0867,0.0329,0.1541,0.0
bflhc__Octen-Embedding-8B,Qwen__Qwen3-Embedding-4B,lifted,7,0.0029,-0.0116,0.0235,0.795
Qwen__Qwen3-Embedding-4B,codefuse-ai__F2LLM-v2-0.6B,lifted,7,0.0282,-0.0434,0.1329,0.6274
Qwen__Qwen3-Embedding-4B,codefuse-ai__F2LLM-v2-1.7B,lifted,7,0.0086,-0.0734,0.1195,0.951
Qwen__Qwen3-Embedding-4B,codefuse-ai__F2LLM-v2-14B,lifted,7,0.0149,-0.0718,0.1299,0.8338
Qwen__Qwen3-Embedding-4B,codefuse-ai__F2LLM-v2-4B,lifted,7,0.0174,-0.061,0.125,0.7944
Qwen__Qwen3-Embedding-4B,codefuse-ai__F2LLM-v2-8B,lifted,7,0.0151,-0.0704,0.1293,0.857
Qwen__Qwen3-Embedding-4B,deepseek-r1,lifted,7,0.1507,0.0755,0.2256,0.0
Qwen__Qwen3-Embedding-4B,deepseek__deepseek-v4-flash,lifted,7,0.159,0.0895,0.2393,0.0
Qwen__Qwen3-Embedding-4B,glm-4.7,lifted,7,0.1178,0.0554,0.194,0.0
Qwen__Qwen3-Embedding-4B,google__embeddinggemma-300m,lifted,7,0.0253,0.0008,0.0507,0.0422
Qwen__Qwen3-Embedding-4B,google__gemini-3-flash-preview,lifted,7,0.0546,0.0038,0.129,0.0284
Qwen__Qwen3-Embedding-4B,google__gemini-3.1-flash-lite-preview,lifted,7,0.2099,0.0739,0.3427,0.0016
google__gemini-3.1-pro-preview,Qwen__Qwen3-Embedding-4B,lifted,7,0.0166,-0.0194,0.0653,0.4956
Qwen__Qwen3-Embedding-4B,intfloat__e5-mistral-7b-instruct,lifted,7,0.2062,0.1466,0.2659,0.0
Qwen__Qwen3-Embedding-4B,intfloat__multilingual-e5-base,lifted,7,0.1284,0.0576,0.2136,0.0
Qwen__Qwen3-Embedding-4B,intfloat__multilingual-e5-large,lifted,7,0.1115,0.0471,0.1964,0.0
Qwen__Qwen3-Embedding-4B,intfloat__multilingual-e5-large-instruct,lifted,7,0.0637,0.0132,0.1389,0.003
Qwen__Qwen3-Embedding-4B,intfloat__multilingual-e5-small,lifted,7,0.1275,0.0675,0.2046,0.0
Qwen__Qwen3-Embedding-4B,jinaai__jina-embeddings-v5-text-nano,lifted,7,0.0015,-0.0122,0.0144,0.8052
jinaai__jina-embeddings-v5-text-small,Qwen__Qwen3-Embedding-4B,lifted,7,0.0031,-0.0078,0.0137,0.5964
Qwen__Qwen3-Embedding-4B,kimi-k2.6,lifted,7,0.0681,0.0312,0.1058,0.0
Qwen__Qwen3-Embedding-4B,minimax-m2.7,lifted,7,0.1125,0.0506,0.1739,0.0
Qwen__Qwen3-Embedding-4B,ncbi__MedCPT,lifted,7,0.2028,0.1127,0.2926,0.0
Qwen__Qwen3-Embedding-4B,nvidia__llama-embed-nemotron-8b,lifted,7,0.0046,-0.018,0.0253,0.6792
Qwen__Qwen3-Embedding-4B,qwen3.6-27b,lifted,7,0.0414,-0.0186,0.094,0.171
Qwen__Qwen3-Embedding-4B,qwen3.6-35b-a3b,lifted,7,0.0353,-0.0094,0.0737,0.1202
Qwen__Qwen3-Embedding-4B,sentence-transformers__all-MiniLM-L6-v2,lifted,7,0.1145,0.0628,0.1854,0.0
Qwen__Qwen3-Embedding-4B,tencent__KaLM-Embedding-Gemma3-12B-2511,lifted,7,0.0143,-0.0017,0.0299,0.0814
Qwen__Qwen3-Embedding-8B,Salesforce__SFR-Embedding-2_R,lifted,7,0.0052,-0.0274,0.0442,0.841
Qwen__Qwen3-Embedding-8B,Snowflake__snowflake-arctic-embed-l-v2.0,lifted,7,0.1132,0.0366,0.193,0.0024
Qwen__Qwen3-Embedding-8B,abhinand__MedEmbed-base-v0.1,lifted,7,0.0942,0.0378,0.1591,0.0012
Qwen__Qwen3-Embedding-8B,abhinand__MedEmbed-large-v0.1,lifted,7,0.0958,0.0326,0.1658,0.002
Qwen__Qwen3-Embedding-8B,abhinand__MedEmbed-small-v0.1,lifted,7,0.0902,0.0278,0.1584,0.0026
Qwen__Qwen3-Embedding-8B,bflhc__Octen-Embedding-8B,lifted,7,0.0005,-0.0152,0.0163,0.9666
Qwen__Qwen3-Embedding-8B,codefuse-ai__F2LLM-v2-0.6B,lifted,7,0.0317,-0.0377,0.1351,0.5924
Qwen__Qwen3-Embedding-8B,codefuse-ai__F2LLM-v2-1.7B,lifted,7,0.012,-0.0664,0.1201,0.8744
Qwen__Qwen3-Embedding-8B,codefuse-ai__F2LLM-v2-14B,lifted,7,0.0183,-0.062,0.1314,0.7882
Qwen__Qwen3-Embedding-8B,codefuse-ai__F2LLM-v2-4B,lifted,7,0.0209,-0.0534,0.1255,0.7236
Qwen__Qwen3-Embedding-8B,codefuse-ai__F2LLM-v2-8B,lifted,7,0.0185,-0.0626,0.131,0.7954
Qwen__Qwen3-Embedding-8B,deepseek-r1,lifted,7,0.1542,0.0686,0.2343,0.0004
Qwen__Qwen3-Embedding-8B,deepseek__deepseek-v4-flash,lifted,7,0.1624,0.0867,0.2478,0.0
Qwen__Qwen3-Embedding-8B,glm-4.7,lifted,7,0.1212,0.0501,0.2017,0.0
Qwen__Qwen3-Embedding-8B,google__embeddinggemma-300m,lifted,7,0.0288,0.0075,0.052,0.0042
Qwen__Qwen3-Embedding-8B,google__gemini-3-flash-preview,lifted,7,0.0581,-0.0048,0.1435,0.0746
Qwen__Qwen3-Embedding-8B,google__gemini-3.1-flash-lite-preview,lifted,7,0.2133,0.0656,0.3569,0.002
google__gemini-3.1-pro-preview,Qwen__Qwen3-Embedding-8B,lifted,7,0.0131,-0.0236,0.0568,0.6076
Qwen__Qwen3-Embedding-8B,intfloat__e5-mistral-7b-instruct,lifted,7,0.2096,0.1529,0.2654,0.0
Qwen__Qwen3-Embedding-8B,intfloat__multilingual-e5-base,lifted,7,0.1318,0.0546,0.2181,0.0008
Qwen__Qwen3-Embedding-8B,intfloat__multilingual-e5-large,lifted,7,0.1149,0.0462,0.201,0.0004
Qwen__Qwen3-Embedding-8B,intfloat__multilingual-e5-large-instruct,lifted,7,0.0671,0.0082,0.1443,0.0128
Qwen__Qwen3-Embedding-8B,intfloat__multilingual-e5-small,lifted,7,0.131,0.0619,0.2077,0.0
Qwen__Qwen3-Embedding-8B,jinaai__jina-embeddings-v5-text-nano,lifted,7,0.0049,-0.0203,0.0275,0.654
Qwen__Qwen3-Embedding-8B,jinaai__jina-embeddings-v5-text-small,lifted,7,0.0003,-0.0163,0.016,0.9474
Qwen__Qwen3-Embedding-8B,kimi-k2.6,lifted,7,0.0715,0.0233,0.1166,0.0044
Qwen__Qwen3-Embedding-8B,minimax-m2.7,lifted,7,0.1159,0.0428,0.1862,0.0018
Qwen__Qwen3-Embedding-8B,ncbi__MedCPT,lifted,7,0.2062,0.1098,0.3038,0.0
Qwen__Qwen3-Embedding-8B,nvidia__llama-embed-nemotron-8b,lifted,7,0.008,-0.014,0.0274,0.4458
Qwen__Qwen3-Embedding-8B,qwen3.6-27b,lifted,7,0.0448,-0.0114,0.1005,0.1254
Qwen__Qwen3-Embedding-8B,qwen3.6-35b-a3b,lifted,7,0.0387,-0.0041,0.079,0.0768
Qwen__Qwen3-Embedding-8B,sentence-transformers__all-MiniLM-L6-v2,lifted,7,0.1179,0.0589,0.1885,0.0
Qwen__Qwen3-Embedding-8B,tencent__KaLM-Embedding-Gemma3-12B-2511,lifted,7,0.0177,-0.0094,0.0412,0.1768
Salesforce__SFR-Embedding-2_R,Snowflake__snowflake-arctic-embed-l-v2.0,lifted,7,0.108,0.0364,0.1891,0.0014
Salesforce__SFR-Embedding-2_R,abhinand__MedEmbed-base-v0.1,lifted,7,0.089,0.0232,0.1583,0.005
Salesforce__SFR-Embedding-2_R,abhinand__MedEmbed-large-v0.1,lifted,7,0.0906,0.0261,0.1611,0.0034
Salesforce__SFR-Embedding-2_R,abhinand__MedEmbed-small-v0.1,lifted,7,0.085,0.0259,0.15,0.0028
bflhc__Octen-Embedding-8B,Salesforce__SFR-Embedding-2_R,lifted,7,0.0047,-0.0322,0.0468,0.8572
Salesforce__SFR-Embedding-2_R,codefuse-ai__F2LLM-v2-0.6B,lifted,7,0.0264,-0.0403,0.1309,0.6664
Salesforce__SFR-Embedding-2_R,codefuse-ai__F2LLM-v2-1.7B,lifted,7,0.0068,-0.0673,0.1146,0.9424
Salesforce__SFR-Embedding-2_R,codefuse-ai__F2LLM-v2-14B,lifted,7,0.0131,-0.0655,0.1283,0.8718
Salesforce__SFR-Embedding-2_R,codefuse-ai__F2LLM-v2-4B,lifted,7,0.0157,-0.057,0.1229,0.8168
Salesforce__SFR-Embedding-2_R,codefuse-ai__F2LLM-v2-8B,lifted,7,0.0133,-0.0649,0.1262,0.871
Salesforce__SFR-Embedding-2_R,deepseek-r1,lifted,7,0.149,0.0506,0.243,0.003
Salesforce__SFR-Embedding-2_R,deepseek__deepseek-v4-flash,lifted,7,0.1572,0.0644,0.2554,0.001
Salesforce__SFR-Embedding-2_R,glm-4.7,lifted,7,0.116,0.0289,0.2112,0.0056
Salesforce__SFR-Embedding-2_R,google__embeddinggemma-300m,lifted,7,0.0235,-0.015,0.0588,0.2232
Salesforce__SFR-Embedding-2_R,google__gemini-3-flash-preview,lifted,7,0.0528,-0.0128,0.1297,0.1318
Salesforce__SFR-Embedding-2_R,google__gemini-3.1-flash-lite-preview,lifted,7,0.2081,0.058,0.3582,0.007
google__gemini-3.1-pro-preview,Salesforce__SFR-Embedding-2_R,lifted,7,0.0183,-0.0341,0.0783,0.558
Salesforce__SFR-Embedding-2_R,intfloat__e5-mistral-7b-instruct,lifted,7,0.2044,0.1381,0.2689,0.0
Salesforce__SFR-Embedding-2_R,intfloat__multilingual-e5-base,lifted,7,0.1266,0.0471,0.2155,0.0006
Salesforce__SFR-Embedding-2_R,intfloat__multilingual-e5-large,lifted,7,0.1097,0.0317,0.2016,0.0014
Salesforce__SFR-Embedding-2_R,intfloat__multilingual-e5-large-instruct,lifted,7,0.0619,-0.0028,0.1392,0.054
Salesforce__SFR-Embedding-2_R,intfloat__multilingual-e5-small,lifted,7,0.1257,0.0557,0.2055,0.0
jinaai__jina-embeddings-v5-text-nano,Salesforce__SFR-Embedding-2_R,lifted,7,0.0003,-0.0341,0.0433,0.952
jinaai__jina-embeddings-v5-text-small,Salesforce__SFR-Embedding-2_R,lifted,7,0.0049,-0.0317,0.0496,0.8796
Salesforce__SFR-Embedding-2_R,kimi-k2.6,lifted,7,0.0663,0.0133,0.1198,0.0142
Salesforce__SFR-Embedding-2_R,minimax-m2.7,lifted,7,0.1107,0.0373,0.1868,0.003
Salesforce__SFR-Embedding-2_R,ncbi__MedCPT,lifted,7,0.201,0.1328,0.2741,0.0
Salesforce__SFR-Embedding-2_R,nvidia__llama-embed-nemotron-8b,lifted,7,0.0028,-0.0358,0.0382,0.852
Salesforce__SFR-Embedding-2_R,qwen3.6-27b,lifted,7,0.0396,-0.0343,0.1103,0.2838
Salesforce__SFR-Embedding-2_R,qwen3.6-35b-a3b,lifted,7,0.0335,-0.0239,0.0876,0.2502
Salesforce__SFR-Embedding-2_R,sentence-transformers__all-MiniLM-L6-v2,lifted,7,0.1127,0.0581,0.1847,0.0
Salesforce__SFR-Embedding-2_R,tencent__KaLM-Embedding-Gemma3-12B-2511,lifted,7,0.0125,-0.016,0.0335,0.339
abhinand__MedEmbed-base-v0.1,Snowflake__snowflake-arctic-embed-l-v2.0,lifted,7,0.0191,-0.0138,0.0505,0.2482
abhinand__MedEmbed-large-v0.1,Snowflake__snowflake-arctic-embed-l-v2.0,lifted,7,0.0175,-0.0249,0.0539,0.3924
abhinand__MedEmbed-small-v0.1,Snowflake__snowflake-arctic-embed-l-v2.0,lifted,7,0.0231,-0.0192,0.056,0.2644
bflhc__Octen-Embedding-8B,Snowflake__snowflake-arctic-embed-l-v2.0,lifted,7,0.1128,0.0478,0.1882,0.0004
codefuse-ai__F2LLM-v2-0.6B,Snowflake__snowflake-arctic-embed-l-v2.0,lifted,7,0.0816,0.029,0.1395,0.001
codefuse-ai__F2LLM-v2-1.7B,Snowflake__snowflake-arctic-embed-l-v2.0,lifted,7,0.1012,0.0418,0.1717,0.0
codefuse-ai__F2LLM-v2-14B,Snowflake__snowflake-arctic-embed-l-v2.0,lifted,7,0.095,0.0344,0.1606,0.0012
codefuse-ai__F2LLM-v2-4B,Snowflake__snowflake-arctic-embed-l-v2.0,lifted,7,0.0924,0.0363,0.1548,0.0006
codefuse-ai__F2LLM-v2-8B,Snowflake__snowflake-arctic-embed-l-v2.0,lifted,7,0.0947,0.0368,0.1595,0.0006
Snowflake__snowflake-arctic-embed-l-v2.0,deepseek-r1,lifted,7,0.0409,-0.05,0.1261,0.3598
Snowflake__snowflake-arctic-embed-l-v2.0,deepseek__deepseek-v4-flash,lifted,7,0.0492,-0.0525,0.1428,0.3348
Snowflake__snowflake-arctic-embed-l-v2.0,glm-4.7,lifted,7,0.008,-0.0974,0.0932,0.8032
google__embeddinggemma-300m,Snowflake__snowflake-arctic-embed-l-v2.0,lifted,7,0.0845,0.0274,0.1422,0.0018
google__gemini-3-flash-preview,Snowflake__snowflake-arctic-embed-l-v2.0,lifted,7,0.0552,-0.0685,0.1617,0.3528
Snowflake__snowflake-arctic-embed-l-v2.0,google__gemini-3.1-flash-lite-preview,lifted,7,0.1001,-0.066,0.2509,0.2198
google__gemini-3.1-pro-preview,Snowflake__snowflake-arctic-embed-l-v2.0,lifted,7,0.1264,0.0735,0.1841,0.0
Snowflake__snowflake-arctic-embed-l-v2.0,intfloat__e5-mistral-7b-instruct,lifted,7,0.0964,0.0066,0.1947,0.0128
Snowflake__snowflake-arctic-embed-l-v2.0,intfloat__multilingual-e5-base,lifted,7,0.0186,-0.0126,0.0467,0.232
Snowflake__snowflake-arctic-embed-l-v2.0,intfloat__multilingual-e5-large,lifted,7,0.0016,-0.0288,0.0277,0.8386
intfloat__multilingual-e5-large-instruct,Snowflake__snowflake-arctic-embed-l-v2.0,lifted,7,0.0461,0.0112,0.0787,0.0086
Snowflake__snowflake-arctic-embed-l-v2.0,intfloat__multilingual-e5-small,lifted,7,0.0177,-0.0157,0.0573,0.3384
jinaai__jina-embeddings-v5-text-nano,Snowflake__snowflake-arctic-embed-l-v2.0,lifted,7,0.1084,0.0363,0.1938,0.0008
jinaai__jina-embeddings-v5-text-small,Snowflake__snowflake-arctic-embed-l-v2.0,lifted,7,0.113,0.0395,0.1973,0.0006
kimi-k2.6,Snowflake__snowflake-arctic-embed-l-v2.0,lifted,7,0.0418,-0.0305,0.1292,0.3136
Snowflake__snowflake-arctic-embed-l-v2.0,minimax-m2.7,lifted,7,0.0027,-0.0988,0.0896,0.8886
Snowflake__snowflake-arctic-embed-l-v2.0,ncbi__MedCPT,lifted,7,0.093,0.0071,0.2027,0.0166
nvidia__llama-embed-nemotron-8b,Snowflake__snowflake-arctic-embed-l-v2.0,lifted,7,0.1052,0.0469,0.1706,0.0
qwen3.6-27b,Snowflake__snowflake-arctic-embed-l-v2.0,lifted,7,0.0684,0.0055,0.1479,0.0256
qwen3.6-35b-a3b,Snowflake__snowflake-arctic-embed-l-v2.0,lifted,7,0.0745,0.0159,0.1548,0.0052
Snowflake__snowflake-arctic-embed-l-v2.0,sentence-transformers__all-MiniLM-L6-v2,lifted,7,0.0046,-0.0397,0.0616,0.9194
tencent__KaLM-Embedding-Gemma3-12B-2511,Snowflake__snowflake-arctic-embed-l-v2.0,lifted,7,0.0956,0.025,0.1738,0.0066
abhinand__MedEmbed-base-v0.1,abhinand__MedEmbed-large-v0.1,lifted,7,0.0016,-0.0132,0.0177,0.8436
abhinand__MedEmbed-small-v0.1,abhinand__MedEmbed-base-v0.1,lifted,7,0.004,-0.0138,0.019,0.613
bflhc__Octen-Embedding-8B,abhinand__MedEmbed-base-v0.1,lifted,7,0.0937,0.0451,0.1558,0.0
codefuse-ai__F2LLM-v2-0.6B,abhinand__MedEmbed-base-v0.1,lifted,7,0.0625,0.0074,0.1147,0.0246
codefuse-ai__F2LLM-v2-1.7B,abhinand__MedEmbed-base-v0.1,lifted,7,0.0821,0.0196,0.1471,0.011
codefuse-ai__F2LLM-v2-14B,abhinand__MedEmbed-base-v0.1,lifted,7,0.0759,0.0088,0.141,0.0242
codefuse-ai__F2LLM-v2-4B,abhinand__MedEmbed-base-v0.1,lifted,7,0.0733,0.0145,0.1322,0.0156
codefuse-ai__F2LLM-v2-8B,abhinand__MedEmbed-base-v0.1,lifted,7,0.0756,0.0111,0.1396,0.0216
abhinand__MedEmbed-base-v0.1,deepseek-r1,lifted,7,0.06,-0.018,0.1366,0.132
abhinand__MedEmbed-base-v0.1,deepseek__deepseek-v4-flash,lifted,7,0.0683,-0.0176,0.1543,0.128
abhinand__MedEmbed-base-v0.1,glm-4.7,lifted,7,0.027,-0.0651,0.1094,0.5226
google__embeddinggemma-300m,abhinand__MedEmbed-base-v0.1,lifted,7,0.0654,0.0259,0.1071,0.0008
google__gemini-3-flash-preview,abhinand__MedEmbed-base-v0.1,lifted,7,0.0361,-0.0666,0.1267,0.4142
abhinand__MedEmbed-base-v0.1,google__gemini-3.1-flash-lite-preview,lifted,7,0.1191,-0.0325,0.2619,0.1202
google__gemini-3.1-pro-preview,abhinand__MedEmbed-base-v0.1,lifted,7,0.1073,0.0609,0.1606,0.0
abhinand__MedEmbed-base-v0.1,intfloat__e5-mistral-7b-instruct,lifted,7,0.1154,0.0428,0.1961,0.0
abhinand__MedEmbed-base-v0.1,intfloat__multilingual-e5-base,lifted,7,0.0377,0.0135,0.0632,0.0008
abhinand__MedEmbed-base-v0.1,intfloat__multilingual-e5-large,lifted,7,0.0207,0.0016,0.0446,0.033
intfloat__multilingual-e5-large-instruct,abhinand__MedEmbed-base-v0.1,lifted,7,0.0271,0.0091,0.044,0.0028
abhinand__MedEmbed-base-v0.1,intfloat__multilingual-e5-small,lifted,7,0.0368,0.0176,0.056,0.0
jinaai__jina-embeddings-v5-text-nano,abhinand__MedEmbed-base-v0.1,lifted,7,0.0893,0.0452,0.1563,0.0
jinaai__jina-embeddings-v5-text-small,abhinand__MedEmbed-base-v0.1,lifted,7,0.0939,0.0445,0.1628,0.0
kimi-k2.6,abhinand__MedEmbed-base-v0.1,lifted,7,0.0227,-0.0287,0.0953,0.5688
abhinand__MedEmbed-base-v0.1,minimax-m2.7,lifted,7,0.0218,-0.0662,0.095,0.5522
abhinand__MedEmbed-base-v0.1,ncbi__MedCPT,lifted,7,0.1121,0.0302,0.2092,0.0
nvidia__llama-embed-nemotron-8b,abhinand__MedEmbed-base-v0.1,lifted,7,0.0861,0.0447,0.1367,0.0
qwen3.6-27b,abhinand__MedEmbed-base-v0.1,lifted,7,0.0493,-0.0127,0.1235,0.1598
qwen3.6-35b-a3b,abhinand__MedEmbed-base-v0.1,lifted,7,0.0555,0.0005,0.1265,0.0418
abhinand__MedEmbed-base-v0.1,sentence-transformers__all-MiniLM-L6-v2,lifted,7,0.0237,-0.0079,0.0579,0.1566
tencent__KaLM-Embedding-Gemma3-12B-2511,abhinand__MedEmbed-base-v0.1,lifted,7,0.0765,0.0281,0.1388,0.0
abhinand__MedEmbed-small-v0.1,abhinand__MedEmbed-large-v0.1,lifted,7,0.0056,-0.0031,0.0155,0.2306
bflhc__Octen-Embedding-8B,abhinand__MedEmbed-large-v0.1,lifted,7,0.0953,0.0374,0.1619,0.0
codefuse-ai__F2LLM-v2-0.6B,abhinand__MedEmbed-large-v0.1,lifted,7,0.0641,0.0131,0.1125,0.0156
codefuse-ai__F2LLM-v2-1.7B,abhinand__MedEmbed-large-v0.1,lifted,7,0.0837,0.0246,0.1429,0.006
codefuse-ai__F2LLM-v2-14B,abhinand__MedEmbed-large-v0.1,lifted,7,0.0775,0.0134,0.14,0.0176
codefuse-ai__F2LLM-v2-4B,abhinand__MedEmbed-large-v0.1,lifted,7,0.0749,0.0161,0.1317,0.0112
codefuse-ai__F2LLM-v2-8B,abhinand__MedEmbed-large-v0.1,lifted,7,0.0773,0.0145,0.1386,0.0156
abhinand__MedEmbed-large-v0.1,deepseek-r1,lifted,7,0.0584,-0.0257,0.1438,0.177
abhinand__MedEmbed-large-v0.1,deepseek__deepseek-v4-flash,lifted,7,0.0667,-0.0274,0.1634,0.1794
abhinand__MedEmbed-large-v0.1,glm-4.7,lifted,7,0.0254,-0.0739,0.1201,0.586
google__embeddinggemma-300m,abhinand__MedEmbed-large-v0.1,lifted,7,0.067,0.0206,0.1154,0.0046
google__gemini-3-flash-preview,abhinand__MedEmbed-large-v0.1,lifted,7,0.0377,-0.0528,0.1281,0.3128
abhinand__MedEmbed-large-v0.1,google__gemini-3.1-flash-lite-preview,lifted,7,0.1175,-0.0379,0.2632,0.1328
google__gemini-3.1-pro-preview,abhinand__MedEmbed-large-v0.1,lifted,7,0.1089,0.0513,0.1721,0.0
abhinand__MedEmbed-large-v0.1,intfloat__e5-mistral-7b-instruct,lifted,7,0.1138,0.046,0.1967,0.0
abhinand__MedEmbed-large-v0.1,intfloat__multilingual-e5-base,lifted,7,0.0361,0.0084,0.0676,0.0044
abhinand__MedEmbed-large-v0.1,intfloat__multilingual-e5-large,lifted,7,0.0191,-0.0116,0.0447,0.1954
intfloat__multilingual-e5-large-instruct,abhinand__MedEmbed-large-v0.1,lifted,7,0.0287,0.0103,0.0484,0.0006
abhinand__MedEmbed-large-v0.1,intfloat__multilingual-e5-small,lifted,7,0.0352,0.0182,0.0562,0.0
jinaai__jina-embeddings-v5-text-nano,abhinand__MedEmbed-large-v0.1,lifted,7,0.0909,0.0419,0.1642,0.0
jinaai__jina-embeddings-v5-text-small,abhinand__MedEmbed-large-v0.1,lifted,7,0.0955,0.0393,0.1699,0.0
kimi-k2.6,abhinand__MedEmbed-large-v0.1,lifted,7,0.0243,-0.0283,0.1007,0.5768
abhinand__MedEmbed-large-v0.1,minimax-m2.7,lifted,7,0.0202,-0.0722,0.0979,0.6024
abhinand__MedEmbed-large-v0.1,ncbi__MedCPT,lifted,7,0.1105,0.0344,0.1938,0.0
nvidia__llama-embed-nemotron-8b,abhinand__MedEmbed-large-v0.1,lifted,7,0.0877,0.0398,0.1434,0.0
qwen3.6-27b,abhinand__MedEmbed-large-v0.1,lifted,7,0.051,-0.0237,0.1357,0.2182
qwen3.6-35b-a3b,abhinand__MedEmbed-large-v0.1,lifted,7,0.0571,-0.0112,0.1404,0.1286
abhinand__MedEmbed-large-v0.1,sentence-transformers__all-MiniLM-L6-v2,lifted,7,0.0221,-0.0044,0.0456,0.0976
tencent__KaLM-Embedding-Gemma3-12B-2511,abhinand__MedEmbed-large-v0.1,lifted,7,0.0781,0.0324,0.142,0.0
bflhc__Octen-Embedding-8B,abhinand__MedEmbed-small-v0.1,lifted,7,0.0897,0.0345,0.1561,0.0004
codefuse-ai__F2LLM-v2-0.6B,abhinand__MedEmbed-small-v0.1,lifted,7,0.0585,0.0075,0.1073,0.0276
codefuse-ai__F2LLM-v2-1.7B,abhinand__MedEmbed-small-v0.1,lifted,7,0.0781,0.0183,0.1388,0.0104
codefuse-ai__F2LLM-v2-14B,abhinand__MedEmbed-small-v0.1,lifted,7,0.0719,0.0096,0.1355,0.0314
codefuse-ai__F2LLM-v2-4B,abhinand__MedEmbed-small-v0.1,lifted,7,0.0693,0.0119,0.1275,0.0172
codefuse-ai__F2LLM-v2-8B,abhinand__MedEmbed-small-v0.1,lifted,7,0.0716,0.01,0.1352,0.0236
abhinand__MedEmbed-small-v0.1,deepseek-r1,lifted,7,0.064,-0.0219,0.1497,0.1474
abhinand__MedEmbed-small-v0.1,deepseek__deepseek-v4-flash,lifted,7,0.0723,-0.0221,0.1685,0.144
abhinand__MedEmbed-small-v0.1,glm-4.7,lifted,7,0.031,-0.0706,0.1226,0.5102
google__embeddinggemma-300m,abhinand__MedEmbed-small-v0.1,lifted,7,0.0614,0.0163,0.1083,0.0066
google__gemini-3-flash-preview,abhinand__MedEmbed-small-v0.1,lifted,7,0.0321,-0.0558,0.12,0.4484
abhinand__MedEmbed-small-v0.1,google__gemini-3.1-flash-lite-preview,lifted,7,0.1231,-0.0315,0.2698,0.118
google__gemini-3.1-pro-preview,abhinand__MedEmbed-small-v0.1,lifted,7,0.1033,0.0456,0.163,0.0
abhinand__MedEmbed-small-v0.1,intfloat__e5-mistral-7b-instruct,lifted,7,0.1194,0.0554,0.1981,0.0
abhinand__MedEmbed-small-v0.1,intfloat__multilingual-e5-base,lifted,7,0.0417,0.0148,0.0711,0.0008
abhinand__MedEmbed-small-v0.1,intfloat__multilingual-e5-large,lifted,7,0.0247,-0.0085,0.0533,0.1346
intfloat__multilingual-e5-large-instruct,abhinand__MedEmbed-small-v0.1,lifted,7,0.0231,0.007,0.0396,0.0058
abhinand__MedEmbed-small-v0.1,intfloat__multilingual-e5-small,lifted,7,0.0408,0.0262,0.0574,0.0
jinaai__jina-embeddings-v5-text-nano,abhinand__MedEmbed-small-v0.1,lifted,7,0.0853,0.0375,0.1563,0.0
jinaai__jina-embeddings-v5-text-small,abhinand__MedEmbed-small-v0.1,lifted,7,0.0899,0.0345,0.162,0.0
kimi-k2.6,abhinand__MedEmbed-small-v0.1,lifted,7,0.0187,-0.0367,0.0956,0.6622
abhinand__MedEmbed-small-v0.1,minimax-m2.7,lifted,7,0.0258,-0.0659,0.1005,0.5172
abhinand__MedEmbed-small-v0.1,ncbi__MedCPT,lifted,7,0.1161,0.0461,0.1937,0.0
nvidia__llama-embed-nemotron-8b,abhinand__MedEmbed-small-v0.1,lifted,7,0.0821,0.0347,0.1373,0.0
qwen3.6-27b,abhinand__MedEmbed-small-v0.1,lifted,7,0.0453,-0.0307,0.1295,0.2774
qwen3.6-35b-a3b,abhinand__MedEmbed-small-v0.1,lifted,7,0.0514,-0.0154,0.1324,0.1856
abhinand__MedEmbed-small-v0.1,sentence-transformers__all-MiniLM-L6-v2,lifted,7,0.0277,0.0083,0.0462,0.003
tencent__KaLM-Embedding-Gemma3-12B-2511,abhinand__MedEmbed-small-v0.1,lifted,7,0.0725,0.0297,0.134,0.0
bflhc__Octen-Embedding-8B,codefuse-ai__F2LLM-v2-0.6B,lifted,7,0.0312,-0.0433,0.1363,0.6016
bflhc__Octen-Embedding-8B,codefuse-ai__F2LLM-v2-1.7B,lifted,7,0.0115,-0.073,0.1218,0.89
bflhc__Octen-Embedding-8B,codefuse-ai__F2LLM-v2-14B,lifted,7,0.0178,-0.0662,0.1347,0.7742
bflhc__Octen-Embedding-8B,codefuse-ai__F2LLM-v2-4B,lifted,7,0.0204,-0.0574,0.1289,0.7468
bflhc__Octen-Embedding-8B,codefuse-ai__F2LLM-v2-8B,lifted,7,0.018,-0.0656,0.1322,0.787
bflhc__Octen-Embedding-8B,deepseek-r1,lifted,7,0.1537,0.079,0.2229,0.0
bflhc__Octen-Embedding-8B,deepseek__deepseek-v4-flash,lifted,7,0.162,0.0924,0.2369,0.0
bflhc__Octen-Embedding-8B,glm-4.7,lifted,7,0.1207,0.0603,0.188,0.0
bflhc__Octen-Embedding-8B,google__embeddinggemma-300m,lifted,7,0.0283,0.0092,0.0505,0.0022
bflhc__Octen-Embedding-8B,google__gemini-3-flash-preview,lifted,7,0.0576,-0.0025,0.1505,0.0752
bflhc__Octen-Embedding-8B,google__gemini-3.1-flash-lite-preview,lifted,7,0.2128,0.0759,0.3479,0.0016
google__gemini-3.1-pro-preview,bflhc__Octen-Embedding-8B,lifted,7,0.0136,-0.0142,0.0448,0.3972
bflhc__Octen-Embedding-8B,intfloat__e5-mistral-7b-instruct,lifted,7,0.2091,0.1431,0.2775,0.0
bflhc__Octen-Embedding-8B,intfloat__multilingual-e5-base,lifted,7,0.1314,0.0619,0.2147,0.0
bflhc__Octen-Embedding-8B,intfloat__multilingual-e5-large,lifted,7,0.1144,0.0548,0.197,0.0
bflhc__Octen-Embedding-8B,intfloat__multilingual-e5-large-instruct,lifted,7,0.0666,0.0148,0.14,0.0046
bflhc__Octen-Embedding-8B,intfloat__multilingual-e5-small,lifted,7,0.1305,0.0682,0.2043,0.0
bflhc__Octen-Embedding-8B,jinaai__jina-embeddings-v5-text-nano,lifted,7,0.0044,-0.0154,0.0292,0.7372
jinaai__jina-embeddings-v5-text-small,bflhc__Octen-Embedding-8B,lifted,7,0.0002,-0.0171,0.0155,0.9638
bflhc__Octen-Embedding-8B,kimi-k2.6,lifted,7,0.071,0.0312,0.1098,0.0002
bflhc__Octen-Embedding-8B,minimax-m2.7,lifted,7,0.1155,0.0496,0.1799,0.0006
bflhc__Octen-Embedding-8B,ncbi__MedCPT,lifted,7,0.2058,0.1071,0.3103,0.0
bflhc__Octen-Embedding-8B,nvidia__llama-embed-nemotron-8b,lifted,7,0.0076,-0.0117,0.0245,0.4158
bflhc__Octen-Embedding-8B,qwen3.6-27b,lifted,7,0.0443,0.0029,0.0848,0.04
bflhc__Octen-Embedding-8B,qwen3.6-35b-a3b,lifted,7,0.0382,0.0104,0.0645,0.0074
bflhc__Octen-Embedding-8B,sentence-transformers__all-MiniLM-L6-v2,lifted,7,0.1174,0.0568,0.1921,0.0
bflhc__Octen-Embedding-8B,tencent__KaLM-Embedding-Gemma3-12B-2511,lifted,7,0.0172,-0.0099,0.0492,0.2518
codefuse-ai__F2LLM-v2-1.7B,codefuse-ai__F2LLM-v2-0.6B,lifted,7,0.0196,0.0086,0.0348,0.0
codefuse-ai__F2LLM-v2-14B,codefuse-ai__F2LLM-v2-0.6B,lifted,7,0.0134,-0.0031,0.0315,0.1262
codefuse-ai__F2LLM-v2-4B,codefuse-ai__F2LLM-v2-0.6B,lifted,7,0.0108,0.0012,0.0208,0.0248
codefuse-ai__F2LLM-v2-8B,codefuse-ai__F2LLM-v2-0.6B,lifted,7,0.0131,-0.0021,0.03,0.107
codefuse-ai__F2LLM-v2-0.6B,deepseek-r1,lifted,7,0.1225,-0.0085,0.2524,0.0688
codefuse-ai__F2LLM-v2-0.6B,deepseek__deepseek-v4-flash,lifted,7,0.1308,-0.0076,0.2659,0.069
codefuse-ai__F2LLM-v2-0.6B,glm-4.7,lifted,7,0.0895,-0.0572,0.222,0.2012
google__embeddinggemma-300m,codefuse-ai__F2LLM-v2-0.6B,lifted,7,0.0029,-0.052,0.0858,0.994
codefuse-ai__F2LLM-v2-0.6B,google__gemini-3-flash-preview,lifted,7,0.0264,-0.104,0.1474,0.636
codefuse-ai__F2LLM-v2-0.6B,google__gemini-3.1-flash-lite-preview,lifted,7,0.1817,-0.0247,0.3765,0.0814
google__gemini-3.1-pro-preview,codefuse-ai__F2LLM-v2-0.6B,lifted,7,0.0448,-0.0332,0.1407,0.3316
codefuse-ai__F2LLM-v2-0.6B,intfloat__e5-mistral-7b-instruct,lifted,7,0.178,0.0898,0.2608,0.0
codefuse-ai__F2LLM-v2-0.6B,intfloat__multilingual-e5-base,lifted,7,0.1002,0.0471,0.1621,0.0
codefuse-ai__F2LLM-v2-0.6B,intfloat__multilingual-e5-large,lifted,7,0.0832,0.0396,0.1305,0.0
codefuse-ai__F2LLM-v2-0.6B,intfloat__multilingual-e5-large-instruct,lifted,7,0.0355,-0.0044,0.0779,0.082
codefuse-ai__F2LLM-v2-0.6B,intfloat__multilingual-e5-small,lifted,7,0.0993,0.0481,0.1553,0.0
jinaai__jina-embeddings-v5-text-nano,codefuse-ai__F2LLM-v2-0.6B,lifted,7,0.0268,-0.0541,0.1402,0.6706
jinaai__jina-embeddings-v5-text-small,codefuse-ai__F2LLM-v2-0.6B,lifted,7,0.0314,-0.0452,0.144,0.6114
codefuse-ai__F2LLM-v2-0.6B,kimi-k2.6,lifted,7,0.0398,-0.0812,0.1331,0.4522
codefuse-ai__F2LLM-v2-0.6B,minimax-m2.7,lifted,7,0.0843,-0.0566,0.2055,0.2178
codefuse-ai__F2LLM-v2-0.6B,ncbi__MedCPT,lifted,7,0.1746,0.0761,0.2778,0.0004
nvidia__llama-embed-nemotron-8b,codefuse-ai__F2LLM-v2-0.6B,lifted,7,0.0236,-0.0383,0.1162,0.6646
codefuse-ai__F2LLM-v2-0.6B,qwen3.6-27b,lifted,7,0.0132,-0.1075,0.1158,0.7668
codefuse-ai__F2LLM-v2-0.6B,qwen3.6-35b-a3b,lifted,7,0.0071,-0.1115,0.0993,0.8222
codefuse-ai__F2LLM-v2-0.6B,sentence-transformers__all-MiniLM-L6-v2,lifted,7,0.0862,0.0411,0.1332,0.0
tencent__KaLM-Embedding-Gemma3-12B-2511,codefuse-ai__F2LLM-v2-0.6B,lifted,7,0.014,-0.0546,0.1168,0.804
codefuse-ai__F2LLM-v2-1.7B,codefuse-ai__F2LLM-v2-14B,lifted,7,0.0062,-0.0085,0.0194,0.3772
codefuse-ai__F2LLM-v2-1.7B,codefuse-ai__F2LLM-v2-4B,lifted,7,0.0088,0.0009,0.0176,0.0292
codefuse-ai__F2LLM-v2-1.7B,codefuse-ai__F2LLM-v2-8B,lifted,7,0.0065,-0.0068,0.0163,0.306
codefuse-ai__F2LLM-v2-1.7B,deepseek-r1,lifted,7,0.1421,0.0033,0.2829,0.046
codefuse-ai__F2LLM-v2-1.7B,deepseek__deepseek-v4-flash,lifted,7,0.1504,0.0056,0.2989,0.0416
codefuse-ai__F2LLM-v2-1.7B,glm-4.7,lifted,7,0.1092,-0.0444,0.2535,0.1494
codefuse-ai__F2LLM-v2-1.7B,google__embeddinggemma-300m,lifted,7,0.0167,-0.0711,0.0824,0.5926
codefuse-ai__F2LLM-v2-1.7B,google__gemini-3-flash-preview,lifted,7,0.046,-0.0889,0.1724,0.4748
codefuse-ai__F2LLM-v2-1.7B,google__gemini-3.1-flash-lite-preview,lifted,7,0.2013,-0.0123,0.4071,0.0646
google__gemini-3.1-pro-preview,codefuse-ai__F2LLM-v2-1.7B,lifted,7,0.0252,-0.0612,0.1258,0.6392
codefuse-ai__F2LLM-v2-1.7B,intfloat__e5-mistral-7b-instruct,lifted,7,0.1976,0.1053,0.2834,0.0
codefuse-ai__F2LLM-v2-1.7B,intfloat__multilingual-e5-base,lifted,7,0.1198,0.0568,0.1947,0.0
codefuse-ai__F2LLM-v2-1.7B,intfloat__multilingual-e5-large,lifted,7,0.1029,0.0495,0.1636,0.0
codefuse-ai__F2LLM-v2-1.7B,intfloat__multilingual-e5-large-instruct,lifted,7,0.0551,0.0063,0.1105,0.023
codefuse-ai__F2LLM-v2-1.7B,intfloat__multilingual-e5-small,lifted,7,0.1189,0.0576,0.1897,0.0
jinaai__jina-embeddings-v5-text-nano,codefuse-ai__F2LLM-v2-1.7B,lifted,7,0.0071,-0.0837,0.1267,0.9788
jinaai__jina-embeddings-v5-text-small,codefuse-ai__F2LLM-v2-1.7B,lifted,7,0.0118,-0.0754,0.131,0.9108
codefuse-ai__F2LLM-v2-1.7B,kimi-k2.6,lifted,7,0.0594,-0.0659,0.1626,0.3164
codefuse-ai__F2LLM-v2-1.7B,minimax-m2.7,lifted,7,0.1039,-0.0442,0.2379,0.154
codefuse-ai__F2LLM-v2-1.7B,ncbi__MedCPT,lifted,7,0.1942,0.0914,0.2997,0.0
nvidia__llama-embed-nemotron-8b,codefuse-ai__F2LLM-v2-1.7B,lifted,7,0.004,-0.0677,0.102,0.9954
codefuse-ai__F2LLM-v2-1.7B,qwen3.6-27b,lifted,7,0.0328,-0.0926,0.1463,0.571
codefuse-ai__F2LLM-v2-1.7B,qwen3.6-35b-a3b,lifted,7,0.0267,-0.0977,0.1298,0.6072
codefuse-ai__F2LLM-v2-1.7B,sentence-transformers__all-MiniLM-L6-v2,lifted,7,0.1059,0.0538,0.1622,0.0
codefuse-ai__F2LLM-v2-1.7B,tencent__KaLM-Embedding-Gemma3-12B-2511,lifted,7,0.0057,-0.1019,0.0835,0.8084
codefuse-ai__F2LLM-v2-14B,codefuse-ai__F2LLM-v2-4B,lifted,7,0.0026,-0.0096,0.0135,0.6516
codefuse-ai__F2LLM-v2-14B,codefuse-ai__F2LLM-v2-8B,lifted,7,0.0002,-0.0069,0.0089,0.9904
codefuse-ai__F2LLM-v2-14B,deepseek-r1,lifted,7,0.1359,-0.0077,0.2754,0.0576
codefuse-ai__F2LLM-v2-14B,deepseek__deepseek-v4-flash,lifted,7,0.1442,-0.006,0.2876,0.0586
codefuse-ai__F2LLM-v2-14B,glm-4.7,lifted,7,0.1029,-0.0511,0.2469,0.178
codefuse-ai__F2LLM-v2-14B,google__embeddinggemma-300m,lifted,7,0.0105,-0.0827,0.0773,0.6972
codefuse-ai__F2LLM-v2-14B,google__gemini-3-flash-preview,lifted,7,0.0398,-0.1014,0.1757,0.558
codefuse-ai__F2LLM-v2-14B,google__gemini-3.1-flash-lite-preview,lifted,7,0.195,-0.0213,0.4033,0.0752
google__gemini-3.1-pro-preview,codefuse-ai__F2LLM-v2-14B,lifted,7,0.0314,-0.0513,0.1361,0.5688
codefuse-ai__F2LLM-v2-14B,intfloat__e5-mistral-7b-instruct,lifted,7,0.1913,0.0905,0.2871,0.0
codefuse-ai__F2LLM-v2-14B,intfloat__multilingual-e5-base,lifted,7,0.1136,0.0517,0.1884,0.0
codefuse-ai__F2LLM-v2-14B,intfloat__multilingual-e5-large,lifted,7,0.0966,0.0442,0.1551,0.0
codefuse-ai__F2LLM-v2-14B,intfloat__multilingual-e5-large-instruct,lifted,7,0.0488,-0.0045,0.1061,0.075
codefuse-ai__F2LLM-v2-14B,intfloat__multilingual-e5-small,lifted,7,0.1127,0.0477,0.1846,0.0
jinaai__jina-embeddings-v5-text-nano,codefuse-ai__F2LLM-v2-14B,lifted,7,0.0134,-0.0815,0.1384,0.9022
jinaai__jina-embeddings-v5-text-small,codefuse-ai__F2LLM-v2-14B,lifted,7,0.018,-0.0711,0.1389,0.819
codefuse-ai__F2LLM-v2-14B,kimi-k2.6,lifted,7,0.0532,-0.0768,0.1611,0.3772
codefuse-ai__F2LLM-v2-14B,minimax-m2.7,lifted,7,0.0977,-0.0555,0.2338,0.1942
codefuse-ai__F2LLM-v2-14B,ncbi__MedCPT,lifted,7,0.188,0.0788,0.3039,0.0004
nvidia__llama-embed-nemotron-8b,codefuse-ai__F2LLM-v2-14B,lifted,7,0.0102,-0.06,0.1121,0.8846
codefuse-ai__F2LLM-v2-14B,qwen3.6-27b,lifted,7,0.0265,-0.1018,0.1376,0.6178
codefuse-ai__F2LLM-v2-14B,qwen3.6-35b-a3b,lifted,7,0.0204,-0.1085,0.1213,0.6576
codefuse-ai__F2LLM-v2-14B,sentence-transformers__all-MiniLM-L6-v2,lifted,7,0.0996,0.0409,0.1631,0.0004
tencent__KaLM-Embedding-Gemma3-12B-2511,codefuse-ai__F2LLM-v2-14B,lifted,7,0.0006,-0.0836,0.1148,0.919
codefuse-ai__F2LLM-v2-8B,codefuse-ai__F2LLM-v2-4B,lifted,7,0.0023,-0.0062,0.0109,0.6016
codefuse-ai__F2LLM-v2-4B,deepseek-r1,lifted,7,0.1333,-0.0026,0.2679,0.0542
codefuse-ai__F2LLM-v2-4B,deepseek__deepseek-v4-flash,lifted,7,0.1416,-0.0002,0.2841,0.0514
codefuse-ai__F2LLM-v2-4B,glm-4.7,lifted,7,0.1003,-0.0474,0.2388,0.1704
codefuse-ai__F2LLM-v2-4B,google__embeddinggemma-300m,lifted,7,0.0079,-0.0788,0.0674,0.7554
codefuse-ai__F2LLM-v2-4B,google__gemini-3-flash-preview,lifted,7,0.0372,-0.0946,0.165,0.5578
codefuse-ai__F2LLM-v2-4B,google__gemini-3.1-flash-lite-preview,lifted,7,0.1924,-0.0169,0.396,0.0722
google__gemini-3.1-pro-preview,codefuse-ai__F2LLM-v2-4B,lifted,7,0.034,-0.0463,0.1304,0.4898
codefuse-ai__F2LLM-v2-4B,intfloat__e5-mistral-7b-instruct,lifted,7,0.1887,0.0983,0.2753,0.0
codefuse-ai__F2LLM-v2-4B,intfloat__multilingual-e5-base,lifted,7,0.111,0.0503,0.179,0.0
codefuse-ai__F2LLM-v2-4B,intfloat__multilingual-e5-large,lifted,7,0.094,0.045,0.1477,0.0
codefuse-ai__F2LLM-v2-4B,intfloat__multilingual-e5-large-instruct,lifted,7,0.0462,-0.0002,0.097,0.053
codefuse-ai__F2LLM-v2-4B,intfloat__multilingual-e5-small,lifted,7,0.1101,0.051,0.1757,0.0
jinaai__jina-embeddings-v5-text-nano,codefuse-ai__F2LLM-v2-4B,lifted,7,0.016,-0.0716,0.1326,0.8404
jinaai__jina-embeddings-v5-text-small,codefuse-ai__F2LLM-v2-4B,lifted,7,0.0206,-0.0626,0.1352,0.7452
codefuse-ai__F2LLM-v2-4B,kimi-k2.6,lifted,7,0.0506,-0.0729,0.1491,0.3782
codefuse-ai__F2LLM-v2-4B,minimax-m2.7,lifted,7,0.0951,-0.0493,0.2247,0.1894
codefuse-ai__F2LLM-v2-4B,ncbi__MedCPT,lifted,7,0.1854,0.0833,0.2959,0.0
nvidia__llama-embed-nemotron-8b,codefuse-ai__F2LLM-v2-4B,lifted,7,0.0128,-0.0535,0.1072,0.8244
codefuse-ai__F2LLM-v2-4B,qwen3.6-27b,lifted,7,0.024,-0.096,0.1307,0.642
codefuse-ai__F2LLM-v2-4B,qwen3.6-35b-a3b,lifted,7,0.0178,-0.1015,0.1142,0.6806
codefuse-ai__F2LLM-v2-4B,sentence-transformers__all-MiniLM-L6-v2,lifted,7,0.097,0.0455,0.1526,0.0
tencent__KaLM-Embedding-Gemma3-12B-2511,codefuse-ai__F2LLM-v2-4B,lifted,7,0.0032,-0.0735,0.1093,0.9618
codefuse-ai__F2LLM-v2-8B,deepseek-r1,lifted,7,0.1356,-0.0065,0.2734,0.0572
codefuse-ai__F2LLM-v2-8B,deepseek__deepseek-v4-flash,lifted,7,0.1439,-0.0051,0.2882,0.0616
codefuse-ai__F2LLM-v2-8B,glm-4.7,lifted,7,0.1027,-0.049,0.2451,0.1734
codefuse-ai__F2LLM-v2-8B,google__embeddinggemma-300m,lifted,7,0.0102,-0.0815,0.0761,0.7084
codefuse-ai__F2LLM-v2-8B,google__gemini-3-flash-preview,lifted,7,0.0395,-0.0998,0.1743,0.5514
codefuse-ai__F2LLM-v2-8B,google__gemini-3.1-flash-lite-preview,lifted,7,0.1948,-0.0183,0.4034,0.074
google__gemini-3.1-pro-preview,codefuse-ai__F2LLM-v2-8B,lifted,7,0.0317,-0.0499,0.1343,0.5566
codefuse-ai__F2LLM-v2-8B,intfloat__e5-mistral-7b-instruct,lifted,7,0.1911,0.092,0.2863,0.0
codefuse-ai__F2LLM-v2-8B,intfloat__multilingual-e5-base,lifted,7,0.1133,0.0523,0.1849,0.0
codefuse-ai__F2LLM-v2-8B,intfloat__multilingual-e5-large,lifted,7,0.0964,0.0439,0.1527,0.0
codefuse-ai__F2LLM-v2-8B,intfloat__multilingual-e5-large-instruct,lifted,7,0.0486,-0.0032,0.1049,0.0738
codefuse-ai__F2LLM-v2-8B,intfloat__multilingual-e5-small,lifted,7,0.1124,0.0481,0.1832,0.0
jinaai__jina-embeddings-v5-text-nano,codefuse-ai__F2LLM-v2-8B,lifted,7,0.0136,-0.0802,0.1361,0.8866
jinaai__jina-embeddings-v5-text-small,codefuse-ai__F2LLM-v2-8B,lifted,7,0.0182,-0.0706,0.1379,0.8044
codefuse-ai__F2LLM-v2-8B,kimi-k2.6,lifted,7,0.053,-0.0766,0.1575,0.3738
codefuse-ai__F2LLM-v2-8B,minimax-m2.7,lifted,7,0.0974,-0.0534,0.2332,0.1956
codefuse-ai__F2LLM-v2-8B,ncbi__MedCPT,lifted,7,0.1877,0.0791,0.3027,0.0004
nvidia__llama-embed-nemotron-8b,codefuse-ai__F2LLM-v2-8B,lifted,7,0.0105,-0.0608,0.1106,0.8824
codefuse-ai__F2LLM-v2-8B,qwen3.6-27b,lifted,7,0.0263,-0.1003,0.1353,0.6348
codefuse-ai__F2LLM-v2-8B,qwen3.6-35b-a3b,lifted,7,0.0202,-0.1055,0.1198,0.6634
codefuse-ai__F2LLM-v2-8B,sentence-transformers__all-MiniLM-L6-v2,lifted,7,0.0994,0.0404,0.1621,0.0
tencent__KaLM-Embedding-Gemma3-12B-2511,codefuse-ai__F2LLM-v2-8B,lifted,7,0.0008,-0.0833,0.1134,0.9256
deepseek-r1,deepseek__deepseek-v4-flash,lifted,7,0.0083,-0.0246,0.0382,0.598
glm-4.7,deepseek-r1,lifted,7,0.033,0.0035,0.062,0.0288
google__embeddinggemma-300m,deepseek-r1,lifted,7,0.1254,0.0446,0.2088,0.0012
google__gemini-3-flash-preview,deepseek-r1,lifted,7,0.0961,-0.0042,0.1874,0.0588
deepseek-r1,google__gemini-3.1-flash-lite-preview,lifted,7,0.0591,-0.0189,0.1333,0.1304
google__gemini-3.1-pro-preview,deepseek-r1,lifted,7,0.1673,0.0969,0.2362,0.0
deepseek-r1,intfloat__e5-mistral-7b-instruct,lifted,7,0.0554,-0.0657,0.1765,0.4076
intfloat__multilingual-e5-base,deepseek-r1,lifted,7,0.0223,-0.0687,0.097,0.5632
intfloat__multilingual-e5-large,deepseek-r1,lifted,7,0.0393,-0.0551,0.1211,0.382
intfloat__multilingual-e5-large-instruct,deepseek-r1,lifted,7,0.0871,-0.0069,0.1767,0.0702
intfloat__multilingual-e5-small,deepseek-r1,lifted,7,0.0232,-0.0658,0.1017,0.558
jinaai__jina-embeddings-v5-text-nano,deepseek-r1,lifted,7,0.1493,0.0845,0.2149,0.0
jinaai__jina-embeddings-v5-text-small,deepseek-r1,lifted,7,0.1539,0.0836,0.2239,0.0
kimi-k2.6,deepseek-r1,lifted,7,0.0827,0.0279,0.1421,0.0008
minimax-m2.7,deepseek-r1,lifted,7,0.0382,-0.0047,0.0771,0.0776
deepseek-r1,ncbi__MedCPT,lifted,7,0.0521,-0.0781,0.1844,0.4648
nvidia__llama-embed-nemotron-8b,deepseek-r1,lifted,7,0.1461,0.0723,0.225,0.0
qwen3.6-27b,deepseek-r1,lifted,7,0.1093,0.0512,0.1662,0.0
qwen3.6-35b-a3b,deepseek-r1,lifted,7,0.1154,0.0489,0.1756,0.0008
sentence-transformers__all-MiniLM-L6-v2,deepseek-r1,lifted,7,0.0363,-0.0627,0.1365,0.489
tencent__KaLM-Embedding-Gemma3-12B-2511,deepseek-r1,lifted,7,0.1365,0.0598,0.2171,0.0
glm-4.7,deepseek__deepseek-v4-flash,lifted,7,0.0412,0.0094,0.0702,0.008
google__embeddinggemma-300m,deepseek__deepseek-v4-flash,lifted,7,0.1337,0.0547,0.2236,0.0
google__gemini-3-flash-preview,deepseek__deepseek-v4-flash,lifted,7,0.1044,0.002,0.202,0.0436
deepseek__deepseek-v4-flash,google__gemini-3.1-flash-lite-preview,lifted,7,0.0509,-0.0341,0.1356,0.2406
google__gemini-3.1-pro-preview,deepseek__deepseek-v4-flash,lifted,7,0.1756,0.1052,0.2497,0.0
deepseek__deepseek-v4-flash,intfloat__e5-mistral-7b-instruct,lifted,7,0.0472,-0.0826,0.1635,0.4762
intfloat__multilingual-e5-base,deepseek__deepseek-v4-flash,lifted,7,0.0306,-0.0701,0.1152,0.4866
intfloat__multilingual-e5-large,deepseek__deepseek-v4-flash,lifted,7,0.0475,-0.0579,0.139,0.3472
intfloat__multilingual-e5-large-instruct,deepseek__deepseek-v4-flash,lifted,7,0.0953,-0.0044,0.1923,0.0694
intfloat__multilingual-e5-small,deepseek__deepseek-v4-flash,lifted,7,0.0315,-0.0648,0.1204,0.4992
jinaai__jina-embeddings-v5-text-nano,deepseek__deepseek-v4-flash,lifted,7,0.1576,0.0953,0.2297,0.0
jinaai__jina-embeddings-v5-text-small,deepseek__deepseek-v4-flash,lifted,7,0.1622,0.0979,0.2385,0.0
kimi-k2.6,deepseek__deepseek-v4-flash,lifted,7,0.091,0.0246,0.1655,0.0016
minimax-m2.7,deepseek__deepseek-v4-flash,lifted,7,0.0465,0.0009,0.0906,0.0462
deepseek__deepseek-v4-flash,ncbi__MedCPT,lifted,7,0.0438,-0.0935,0.1789,0.5608
nvidia__llama-embed-nemotron-8b,deepseek__deepseek-v4-flash,lifted,7,0.1544,0.0815,0.239,0.0
qwen3.6-27b,deepseek__deepseek-v4-flash,lifted,7,0.1176,0.0561,0.1814,0.0
qwen3.6-35b-a3b,deepseek__deepseek-v4-flash,lifted,7,0.1237,0.0607,0.1879,0.0
sentence-transformers__all-MiniLM-L6-v2,deepseek__deepseek-v4-flash,lifted,7,0.0446,-0.0612,0.1548,0.429
tencent__KaLM-Embedding-Gemma3-12B-2511,deepseek__deepseek-v4-flash,lifted,7,0.1448,0.0697,0.2322,0.0
google__embeddinggemma-300m,glm-4.7,lifted,7,0.0924,0.019,0.1753,0.0094
google__gemini-3-flash-preview,glm-4.7,lifted,7,0.0631,-0.0449,0.1603,0.23
glm-4.7,google__gemini-3.1-flash-lite-preview,lifted,7,0.0921,0.0088,0.1762,0.0318
google__gemini-3.1-pro-preview,glm-4.7,lifted,7,0.1343,0.0726,0.2019,0.0
glm-4.7,intfloat__e5-mistral-7b-instruct,lifted,7,0.0884,-0.0362,0.2064,0.1652
glm-4.7,intfloat__multilingual-e5-base,lifted,7,0.0106,-0.0697,0.1172,0.902
intfloat__multilingual-e5-large,glm-4.7,lifted,7,0.0063,-0.1069,0.0949,0.841
intfloat__multilingual-e5-large-instruct,glm-4.7,lifted,7,0.0541,-0.0531,0.1481,0.2902
glm-4.7,intfloat__multilingual-e5-small,lifted,7,0.0098,-0.0752,0.1136,0.901
jinaai__jina-embeddings-v5-text-nano,glm-4.7,lifted,7,0.1163,0.0628,0.1831,0.0
jinaai__jina-embeddings-v5-text-small,glm-4.7,lifted,7,0.1209,0.0641,0.1907,0.0
kimi-k2.6,glm-4.7,lifted,7,0.0497,-0.0005,0.1083,0.052
minimax-m2.7,glm-4.7,lifted,7,0.0053,-0.0395,0.0401,0.746
glm-4.7,ncbi__MedCPT,lifted,7,0.0851,-0.0502,0.2177,0.2258
nvidia__llama-embed-nemotron-8b,glm-4.7,lifted,7,0.1132,0.0474,0.1913,0.0
qwen3.6-27b,glm-4.7,lifted,7,0.0764,0.0335,0.1239,0.0
qwen3.6-35b-a3b,glm-4.7,lifted,7,0.0825,0.0348,0.1339,0.0
sentence-transformers__all-MiniLM-L6-v2,glm-4.7,lifted,7,0.0033,-0.109,0.1089,0.9288
tencent__KaLM-Embedding-Gemma3-12B-2511,glm-4.7,lifted,7,0.1035,0.0351,0.1867,0.0
google__embeddinggemma-300m,google__gemini-3-flash-preview,lifted,7,0.0293,-0.0348,0.1233,0.564
google__embeddinggemma-300m,google__gemini-3.1-flash-lite-preview,lifted,7,0.1846,0.0362,0.3314,0.0112
google__gemini-3.1-pro-preview,google__embeddinggemma-300m,lifted,7,0.0419,0.0113,0.0746,0.0056
google__embeddinggemma-300m,intfloat__e5-mistral-7b-instruct,lifted,7,0.1809,0.1213,0.2432,0.0
google__embeddinggemma-300m,intfloat__multilingual-e5-base,lifted,7,0.1031,0.0414,0.1695,0.0006
google__embeddinggemma-300m,intfloat__multilingual-e5-large,lifted,7,0.0861,0.0348,0.15,0.0004
google__embeddinggemma-300m,intfloat__multilingual-e5-large-instruct,lifted,7,0.0384,-0.0046,0.0933,0.089
google__embeddinggemma-300m,intfloat__multilingual-e5-small,lifted,7,0.1022,0.0474,0.1598,0.0
jinaai__jina-embeddings-v5-text-nano,google__embeddinggemma-300m,lifted,7,0.0239,-0.0084,0.0587,0.1556
jinaai__jina-embeddings-v5-text-small,google__embeddinggemma-300m,lifted,7,0.0285,0.0025,0.0599,0.0242
google__embeddinggemma-300m,kimi-k2.6,lifted,7,0.0427,-0.0053,0.09,0.081
google__embeddinggemma-300m,minimax-m2.7,lifted,7,0.0872,0.0123,0.1641,0.022
google__embeddinggemma-300m,ncbi__MedCPT,lifted,7,0.1775,0.0904,0.2734,0.0
nvidia__llama-embed-nemotron-8b,google__embeddinggemma-300m,lifted,7,0.0207,0.0065,0.033,0.0052
google__embeddinggemma-300m,qwen3.6-27b,lifted,7,0.0161,-0.0355,0.07,0.5606
google__embeddinggemma-300m,qwen3.6-35b-a3b,lifted,7,0.01,-0.0314,0.0504,0.626
google__embeddinggemma-300m,sentence-transformers__all-MiniLM-L6-v2,lifted,7,0.0891,0.0414,0.144,0.0
tencent__KaLM-Embedding-Gemma3-12B-2511,google__embeddinggemma-300m,lifted,7,0.0111,-0.0199,0.0378,0.4528
google__gemini-3-flash-preview,google__gemini-3.1-flash-lite-preview,lifted,7,0.1552,0.0459,0.2819,0.001
google__gemini-3.1-pro-preview,google__gemini-3-flash-preview,lifted,7,0.0712,0.0083,0.1861,0.0004
google__gemini-3-flash-preview,intfloat__e5-mistral-7b-instruct,lifted,7,0.1515,0.0765,0.2347,0.0
google__gemini-3-flash-preview,intfloat__multilingual-e5-base,lifted,7,0.0738,-0.0331,0.1792,0.1856
google__gemini-3-flash-preview,intfloat__multilingual-e5-large,lifted,7,0.0568,-0.0653,0.171,0.2748
google__gemini-3-flash-preview,intfloat__multilingual-e5-large-instruct,lifted,7,0.0091,-0.0941,0.1114,0.7634
google__gemini-3-flash-preview,intfloat__multilingual-e5-small,lifted,7,0.0729,-0.0209,0.1682,0.1068
jinaai__jina-embeddings-v5-text-nano,google__gemini-3-flash-preview,lifted,7,0.0532,0.0092,0.1222,0.003
jinaai__jina-embeddings-v5-text-small,google__gemini-3-flash-preview,lifted,7,0.0578,0.0045,0.1374,0.0116
google__gemini-3-flash-preview,kimi-k2.6,lifted,7,0.0134,-0.058,0.0684,0.6506
google__gemini-3-flash-preview,minimax-m2.7,lifted,7,0.0579,-0.0104,0.1268,0.092
google__gemini-3-flash-preview,ncbi__MedCPT,lifted,7,0.1482,0.0815,0.223,0.0
nvidia__llama-embed-nemotron-8b,google__gemini-3-flash-preview,lifted,7,0.05,-0.0063,0.1402,0.1552
qwen3.6-27b,google__gemini-3-flash-preview,lifted,7,0.0132,-0.0663,0.1383,0.7908
qwen3.6-35b-a3b,google__gemini-3-flash-preview,lifted,7,0.0193,-0.0491,0.1302,0.687
google__gemini-3-flash-preview,sentence-transformers__all-MiniLM-L6-v2,lifted,7,0.0598,-0.0187,0.1485,0.1494
tencent__KaLM-Embedding-Gemma3-12B-2511,google__gemini-3-flash-preview,lifted,7,0.0404,-0.0032,0.1047,0.093
google__gemini-3.1-pro-preview,google__gemini-3.1-flash-lite-preview,lifted,7,0.2264,0.0803,0.3685,0.0
intfloat__e5-mistral-7b-instruct,google__gemini-3.1-flash-lite-preview,lifted,7,0.0037,-0.1767,0.1801,0.9478
intfloat__multilingual-e5-base,google__gemini-3.1-flash-lite-preview,lifted,7,0.0815,-0.0803,0.2173,0.3028
intfloat__multilingual-e5-large,google__gemini-3.1-flash-lite-preview,lifted,7,0.0984,-0.0709,0.2492,0.2246
intfloat__multilingual-e5-large-instruct,google__gemini-3.1-flash-lite-preview,lifted,7,0.1462,-0.0218,0.3011,0.0834
intfloat__multilingual-e5-small,google__gemini-3.1-flash-lite-preview,lifted,7,0.0823,-0.0734,0.2243,0.2824
jinaai__jina-embeddings-v5-text-nano,google__gemini-3.1-flash-lite-preview,lifted,7,0.2084,0.0866,0.3298,0.0004
jinaai__jina-embeddings-v5-text-small,google__gemini-3.1-flash-lite-preview,lifted,7,0.213,0.0842,0.3417,0.0008
kimi-k2.6,google__gemini-3.1-flash-lite-preview,lifted,7,0.1418,0.0344,0.2505,0.0054
minimax-m2.7,google__gemini-3.1-flash-lite-preview,lifted,7,0.0974,0.016,0.1742,0.0146
ncbi__MedCPT,google__gemini-3.1-flash-lite-preview,lifted,7,0.0071,-0.1622,0.1804,0.9282
nvidia__llama-embed-nemotron-8b,google__gemini-3.1-flash-lite-preview,lifted,7,0.2053,0.0672,0.3472,0.0048
qwen3.6-27b,google__gemini-3.1-flash-lite-preview,lifted,7,0.1685,0.0457,0.2935,0.0052
qwen3.6-35b-a3b,google__gemini-3.1-flash-lite-preview,lifted,7,0.1746,0.0459,0.3002,0.0054
sentence-transformers__all-MiniLM-L6-v2,google__gemini-3.1-flash-lite-preview,lifted,7,0.0954,-0.0735,0.2554,0.25
tencent__KaLM-Embedding-Gemma3-12B-2511,google__gemini-3.1-flash-lite-preview,lifted,7,0.1956,0.064,0.3307,0.0042
google__gemini-3.1-pro-preview,intfloat__e5-mistral-7b-instruct,lifted,7,0.2227,0.1348,0.3158,0.0
google__gemini-3.1-pro-preview,intfloat__multilingual-e5-base,lifted,7,0.145,0.0826,0.218,0.0
google__gemini-3.1-pro-preview,intfloat__multilingual-e5-large,lifted,7,0.128,0.0768,0.1967,0.0
google__gemini-3.1-pro-preview,intfloat__multilingual-e5-large-instruct,lifted,7,0.0802,0.0252,0.148,0.0
google__gemini-3.1-pro-preview,intfloat__multilingual-e5-small,lifted,7,0.1441,0.0807,0.2152,0.0
google__gemini-3.1-pro-preview,jinaai__jina-embeddings-v5-text-nano,lifted,7,0.018,-0.0198,0.0697,0.4988
google__gemini-3.1-pro-preview,jinaai__jina-embeddings-v5-text-small,lifted,7,0.0134,-0.0214,0.0573,0.536
google__gemini-3.1-pro-preview,kimi-k2.6,lifted,7,0.0846,0.0345,0.1442,0.0
google__gemini-3.1-pro-preview,minimax-m2.7,lifted,7,0.1291,0.0606,0.2075,0.0
google__gemini-3.1-pro-preview,ncbi__MedCPT,lifted,7,0.2194,0.1172,0.3445,0.0
google__gemini-3.1-pro-preview,nvidia__llama-embed-nemotron-8b,lifted,7,0.0212,-0.0026,0.0513,0.0884
google__gemini-3.1-pro-preview,qwen3.6-27b,lifted,7,0.058,0.0295,0.0891,0.0
google__gemini-3.1-pro-preview,qwen3.6-35b-a3b,lifted,7,0.0518,0.0264,0.0739,0.0002
google__gemini-3.1-pro-preview,sentence-transformers__all-MiniLM-L6-v2,lifted,7,0.131,0.0629,0.2037,0.0
google__gemini-3.1-pro-preview,tencent__KaLM-Embedding-Gemma3-12B-2511,lifted,7,0.0308,-0.0072,0.0879,0.2086
intfloat__multilingual-e5-base,intfloat__e5-mistral-7b-instruct,lifted,7,0.0778,-0.0098,0.1784,0.0962
intfloat__multilingual-e5-large,intfloat__e5-mistral-7b-instruct,lifted,7,0.0947,0.007,0.1911,0.0286
intfloat__multilingual-e5-large-instruct,intfloat__e5-mistral-7b-instruct,lifted,7,0.1425,0.0724,0.2221,0.0
intfloat__multilingual-e5-small,intfloat__e5-mistral-7b-instruct,lifted,7,0.0786,0.0055,0.1662,0.0304
jinaai__jina-embeddings-v5-text-nano,intfloat__e5-mistral-7b-instruct,lifted,7,0.2047,0.1366,0.2746,0.0
jinaai__jina-embeddings-v5-text-small,intfloat__e5-mistral-7b-instruct,lifted,7,0.2093,0.1418,0.277,0.0
kimi-k2.6,intfloat__e5-mistral-7b-instruct,lifted,7,0.1381,0.0542,0.2251,0.0
minimax-m2.7,intfloat__e5-mistral-7b-instruct,lifted,7,0.0937,-0.013,0.2037,0.09
ncbi__MedCPT,intfloat__e5-mistral-7b-instruct,lifted,7,0.0034,-0.0788,0.1037,0.9936
nvidia__llama-embed-nemotron-8b,intfloat__e5-mistral-7b-instruct,lifted,7,0.2016,0.1336,0.2698,0.0
qwen3.6-27b,intfloat__e5-mistral-7b-instruct,lifted,7,0.1648,0.058,0.2734,0.0002
qwen3.6-35b-a3b,intfloat__e5-mistral-7b-instruct,lifted,7,0.1709,0.0798,0.2653,0.0
sentence-transformers__all-MiniLM-L6-v2,intfloat__e5-mistral-7b-instruct,lifted,7,0.0917,0.0383,0.1588,0.0
tencent__KaLM-Embedding-Gemma3-12B-2511,intfloat__e5-mistral-7b-instruct,lifted,7,0.1919,0.1322,0.2526,0.0
intfloat__multilingual-e5-large,intfloat__multilingual-e5-base,lifted,7,0.0169,-0.0018,0.0376,0.0874
intfloat__multilingual-e5-large-instruct,intfloat__multilingual-e5-base,lifted,7,0.0647,0.0409,0.0876,0.0
intfloat__multilingual-e5-small,intfloat__multilingual-e5-base,lifted,7,0.0009,-0.0162,0.016,0.8678
jinaai__jina-embeddings-v5-text-nano,intfloat__multilingual-e5-base,lifted,7,0.127,0.0619,0.2173,0.0
jinaai__jina-embeddings-v5-text-small,intfloat__multilingual-e5-base,lifted,7,0.1316,0.062,0.2232,0.0
kimi-k2.6,intfloat__multilingual-e5-base,lifted,7,0.0604,-0.0057,0.1519,0.0914
minimax-m2.7,intfloat__multilingual-e5-base,lifted,7,0.0159,-0.0543,0.1193,0.7836
intfloat__multilingual-e5-base,ncbi__MedCPT,lifted,7,0.0744,-0.0179,0.1797,0.1424
nvidia__llama-embed-nemotron-8b,intfloat__multilingual-e5-base,lifted,7,0.1238,0.0607,0.1981,0.0
qwen3.6-27b,intfloat__multilingual-e5-base,lifted,7,0.087,0.0131,0.1761,0.0032
qwen3.6-35b-a3b,intfloat__multilingual-e5-base,lifted,7,0.0931,0.0233,0.1836,0.0018
sentence-transformers__all-MiniLM-L6-v2,intfloat__multilingual-e5-base,lifted,7,0.014,-0.0276,0.0546,0.5118
tencent__KaLM-Embedding-Gemma3-12B-2511,intfloat__multilingual-e5-base,lifted,7,0.1142,0.047,0.1976,0.0
intfloat__multilingual-e5-large-instruct,intfloat__multilingual-e5-large,lifted,7,0.0478,0.0266,0.0686,0.0
intfloat__multilingual-e5-large,intfloat__multilingual-e5-small,lifted,7,0.0161,-0.0082,0.0448,0.2374
jinaai__jina-embeddings-v5-text-nano,intfloat__multilingual-e5-large,lifted,7,0.11,0.0477,0.201,0.0
jinaai__jina-embeddings-v5-text-small,intfloat__multilingual-e5-large,lifted,7,0.1146,0.0519,0.2047,0.0
kimi-k2.6,intfloat__multilingual-e5-large,lifted,7,0.0434,-0.0245,0.1385,0.3364
intfloat__multilingual-e5-large,minimax-m2.7,lifted,7,0.001,-0.1081,0.0868,0.9006
intfloat__multilingual-e5-large,ncbi__MedCPT,lifted,7,0.0914,-0.005,0.2037,0.0678
nvidia__llama-embed-nemotron-8b,intfloat__multilingual-e5-large,lifted,7,0.1069,0.0552,0.178,0.0
qwen3.6-27b,intfloat__multilingual-e5-large,lifted,7,0.0701,0.0023,0.1599,0.0388
qwen3.6-35b-a3b,intfloat__multilingual-e5-large,lifted,7,0.0762,0.0139,0.1666,0.0
intfloat__multilingual-e5-large,sentence-transformers__all-MiniLM-L6-v2,lifted,7,0.003,-0.0378,0.0501,0.9394
tencent__KaLM-Embedding-Gemma3-12B-2511,intfloat__multilingual-e5-large,lifted,7,0.0972,0.0323,0.1805,0.0006
intfloat__multilingual-e5-large-instruct,intfloat__multilingual-e5-small,lifted,7,0.0638,0.0475,0.0798,0.0
jinaai__jina-embeddings-v5-text-nano,intfloat__multilingual-e5-large-instruct,lifted,7,0.0622,0.0138,0.1427,0.0
jinaai__jina-embeddings-v5-text-small,intfloat__multilingual-e5-large-instruct,lifted,7,0.0668,0.0137,0.1478,0.0014
intfloat__multilingual-e5-large-instruct,kimi-k2.6,lifted,7,0.0044,-0.0831,0.0701,0.8238
intfloat__multilingual-e5-large-instruct,minimax-m2.7,lifted,7,0.0488,-0.0536,0.1306,0.3102
intfloat__multilingual-e5-large-instruct,ncbi__MedCPT,lifted,7,0.1391,0.0582,0.2324,0.0
nvidia__llama-embed-nemotron-8b,intfloat__multilingual-e5-large-instruct,lifted,7,0.0591,0.0131,0.1233,0.0006
qwen3.6-27b,intfloat__multilingual-e5-large-instruct,lifted,7,0.0223,-0.0519,0.1119,0.6464
qwen3.6-35b-a3b,intfloat__multilingual-e5-large-instruct,lifted,7,0.0284,-0.0364,0.1139,0.4918
intfloat__multilingual-e5-large-instruct,sentence-transformers__all-MiniLM-L6-v2,lifted,7,0.0508,0.0299,0.0773,0.0
tencent__KaLM-Embedding-Gemma3-12B-2511,intfloat__multilingual-e5-large-instruct,lifted,7,0.0494,0.0014,0.1216,0.033
jinaai__jina-embeddings-v5-text-nano,intfloat__multilingual-e5-small,lifted,7,0.1261,0.0712,0.2066,0.0
jinaai__jina-embeddings-v5-text-small,intfloat__multilingual-e5-small,lifted,7,0.1307,0.0681,0.2112,0.0
kimi-k2.6,intfloat__multilingual-e5-small,lifted,7,0.0595,-0.0,0.1445,0.0508
minimax-m2.7,intfloat__multilingual-e5-small,lifted,7,0.015,-0.0535,0.1121,0.8012
intfloat__multilingual-e5-small,ncbi__MedCPT,lifted,7,0.0753,-0.0042,0.1611,0.0854
nvidia__llama-embed-nemotron-8b,intfloat__multilingual-e5-small,lifted,7,0.1229,0.0654,0.1897,0.0
qwen3.6-27b,intfloat__multilingual-e5-small,lifted,7,0.0861,0.0112,0.1749,0.0034
qwen3.6-35b-a3b,intfloat__multilingual-e5-small,lifted,7,0.0922,0.023,0.1795,0.0
sentence-transformers__all-MiniLM-L6-v2,intfloat__multilingual-e5-small,lifted,7,0.0131,-0.013,0.0405,0.3554
tencent__KaLM-Embedding-Gemma3-12B-2511,intfloat__multilingual-e5-small,lifted,7,0.1133,0.058,0.1848,0.0
jinaai__jina-embeddings-v5-text-small,jinaai__jina-embeddings-v5-text-nano,lifted,7,0.0046,-0.0068,0.016,0.4396
jinaai__jina-embeddings-v5-text-nano,kimi-k2.6,lifted,7,0.0666,0.041,0.0938,0.0
jinaai__jina-embeddings-v5-text-nano,minimax-m2.7,lifted,7,0.1111,0.0615,0.163,0.0
jinaai__jina-embeddings-v5-text-nano,ncbi__MedCPT,lifted,7,0.2014,0.1149,0.2916,0.0
jinaai__jina-embeddings-v5-text-nano,nvidia__llama-embed-nemotron-8b,lifted,7,0.0032,-0.0252,0.0301,0.8344
jinaai__jina-embeddings-v5-text-nano,qwen3.6-27b,lifted,7,0.0399,-0.0185,0.0839,0.1568
jinaai__jina-embeddings-v5-text-nano,qwen3.6-35b-a3b,lifted,7,0.0338,-0.0106,0.0642,0.125
jinaai__jina-embeddings-v5-text-nano,sentence-transformers__all-MiniLM-L6-v2,lifted,7,0.113,0.0594,0.1918,0.0
jinaai__jina-embeddings-v5-text-nano,tencent__KaLM-Embedding-Gemma3-12B-2511,lifted,7,0.0128,-0.0063,0.0319,0.2012
jinaai__jina-embeddings-v5-text-small,kimi-k2.6,lifted,7,0.0712,0.0353,0.1042,0.0
jinaai__jina-embeddings-v5-text-small,minimax-m2.7,lifted,7,0.1157,0.0565,0.1747,0.0
jinaai__jina-embeddings-v5-text-small,ncbi__MedCPT,lifted,7,0.206,0.1098,0.3057,0.0
jinaai__jina-embeddings-v5-text-small,nvidia__llama-embed-nemotron-8b,lifted,7,0.0078,-0.013,0.031,0.525
jinaai__jina-embeddings-v5-text-small,qwen3.6-27b,lifted,7,0.0445,-0.0085,0.0904,0.102
jinaai__jina-embeddings-v5-text-small,qwen3.6-35b-a3b,lifted,7,0.0384,0.0002,0.0711,0.0482
jinaai__jina-embeddings-v5-text-small,sentence-transformers__all-MiniLM-L6-v2,lifted,7,0.1176,0.0566,0.1966,0.0
jinaai__jina-embeddings-v5-text-small,tencent__KaLM-Embedding-Gemma3-12B-2511,lifted,7,0.0174,-0.004,0.0403,0.1572
kimi-k2.6,minimax-m2.7,lifted,7,0.0445,0.003,0.0886,0.0336
kimi-k2.6,ncbi__MedCPT,lifted,7,0.1348,0.0384,0.2277,0.0032
nvidia__llama-embed-nemotron-8b,kimi-k2.6,lifted,7,0.0634,0.0209,0.1044,0.0006
qwen3.6-27b,kimi-k2.6,lifted,7,0.0267,-0.0123,0.0856,0.3602
qwen3.6-35b-a3b,kimi-k2.6,lifted,7,0.0328,-0.0047,0.0808,0.1076
kimi-k2.6,sentence-transformers__all-MiniLM-L6-v2,lifted,7,0.0464,-0.0236,0.134,0.227
tencent__KaLM-Embedding-Gemma3-12B-2511,kimi-k2.6,lifted,7,0.0538,0.0194,0.0923,0.0
minimax-m2.7,ncbi__MedCPT,lifted,7,0.0903,-0.014,0.1945,0.0948
nvidia__llama-embed-nemotron-8b,minimax-m2.7,lifted,7,0.1079,0.0407,0.1806,0.0002
qwen3.6-27b,minimax-m2.7,lifted,7,0.0711,0.0126,0.1453,0.0086
qwen3.6-35b-a3b,minimax-m2.7,lifted,7,0.0772,0.019,0.1437,0.004
minimax-m2.7,sentence-transformers__all-MiniLM-L6-v2,lifted,7,0.0019,-0.0843,0.1031,0.9836
tencent__KaLM-Embedding-Gemma3-12B-2511,minimax-m2.7,lifted,7,0.0983,0.0411,0.1632,0.0
nvidia__llama-embed-nemotron-8b,ncbi__MedCPT,lifted,7,0.1982,0.1073,0.2962,0.0
qwen3.6-27b,ncbi__MedCPT,lifted,7,0.1614,0.0434,0.2983,0.0004
qwen3.6-35b-a3b,ncbi__MedCPT,lifted,7,0.1675,0.0651,0.2909,0.0
sentence-transformers__all-MiniLM-L6-v2,ncbi__MedCPT,lifted,7,0.0884,0.0229,0.1597,0.0008
tencent__KaLM-Embedding-Gemma3-12B-2511,ncbi__MedCPT,lifted,7,0.1886,0.1136,0.2649,0.0
nvidia__llama-embed-nemotron-8b,qwen3.6-27b,lifted,7,0.0368,-0.0092,0.0873,0.1298
nvidia__llama-embed-nemotron-8b,qwen3.6-35b-a3b,lifted,7,0.0307,-0.0035,0.0668,0.071
nvidia__llama-embed-nemotron-8b,sentence-transformers__all-MiniLM-L6-v2,lifted,7,0.1098,0.0553,0.1749,0.0
nvidia__llama-embed-nemotron-8b,tencent__KaLM-Embedding-Gemma3-12B-2511,lifted,7,0.0096,-0.0111,0.0388,0.5234
qwen3.6-35b-a3b,qwen3.6-27b,lifted,7,0.0061,-0.0117,0.0228,0.501
qwen3.6-27b,sentence-transformers__all-MiniLM-L6-v2,lifted,7,0.0731,-0.0159,0.1713,0.123
tencent__KaLM-Embedding-Gemma3-12B-2511,qwen3.6-27b,lifted,7,0.0271,-0.0421,0.0872,0.4112
qwen3.6-35b-a3b,sentence-transformers__all-MiniLM-L6-v2,lifted,7,0.0792,0.0002,0.1708,0.047
tencent__KaLM-Embedding-Gemma3-12B-2511,qwen3.6-35b-a3b,lifted,7,0.021,-0.0331,0.0673,0.418
tencent__KaLM-Embedding-Gemma3-12B-2511,sentence-transformers__all-MiniLM-L6-v2,lifted,7,0.1002,0.0588,0.1654,0.0
